path,bytes_metadata,classification,git_eligible,staged,disposition
.gitignore,988,NORMAL,YES,NO,CANDIDATE_ONLY_ALL_STAGING_BLOCKED
02_Data_Engineering/GTFS_Lab/20_clientes_reales/.gitignore,58,NORMAL,YES,NO,CANDIDATE_ONLY_ALL_STAGING_BLOCKED
02_Data_Engineering/GTFS_Lab/20_clientes_reales/04_audit/pilot_01/BIZKAIBUS_LARGE_RUN_ANALYSIS.md,7382,NORMAL,YES,NO,CANDIDATE_ONLY_ALL_STAGING_BLOCKED
02_Data_Engineering/GTFS_Lab/20_clientes_reales/04_audit/pilot_01/NAP_VS_GTFS_EXPLORER.md,6061,NORMAL,YES,NO,CANDIDATE_ONLY_ALL_STAGING_BLOCKED
02_Data_Engineering/GTFS_Lab/20_clientes_reales/04_audit/pilot_01/bizkaibus_large_run_rule_distribution.csv,968,NORMAL,YES,NO,CANDIDATE_ONLY_ALL_STAGING_BLOCKED
02_Data_Engineering/GTFS_Lab/20_clientes_reales/04_audit/pilot_01/differential_matrix.csv,8447,NORMAL,YES,NO,CANDIDATE_ONLY_ALL_STAGING_BLOCKED
02_Data_Engineering/GTFS_Lab/20_clientes_reales/04_audit/pilot_01/differential_matrix.md,9572,NORMAL,YES,NO,CANDIDATE_ONLY_ALL_STAGING_BLOCKED
02_Data_Engineering/GTFS_Lab/20_clientes_reales/04_audit/pilot_01/final_report.md,4720,NORMAL,YES,NO,CANDIDATE_ONLY_ALL_STAGING_BLOCKED
02_Data_Engineering/GTFS_Lab/20_clientes_reales/04_audit/pilot_01/gte_output_inventory.json,13391,NORMAL,YES,NO,CANDIDATE_ONLY_ALL_STAGING_BLOCKED
02_Data_Engineering/GTFS_Lab/20_clientes_reales/04_audit/pilot_01/gte_output_inventory.md,7727,NORMAL,YES,NO,CANDIDATE_ONLY_ALL_STAGING_BLOCKED
02_Data_Engineering/GTFS_Lab/20_clientes_reales/04_audit/pilot_01/source_census.json,59405,NORMAL,YES,NO,CANDIDATE_ONLY_ALL_STAGING_BLOCKED
02_Data_Engineering/GTFS_Lab/20_clientes_reales/04_audit/pilot_01/source_census.md,773,NORMAL,YES,NO,CANDIDATE_ONLY_ALL_STAGING_BLOCKED
02_Data_Engineering/GTFS_Lab/20_clientes_reales/CHANGELOG.md,116,NORMAL,YES,NO,CANDIDATE_ONLY_ALL_STAGING_BLOCKED
02_Data_Engineering/GTFS_Lab/20_clientes_reales/FAMILY_A_SMALL_BASIC/001_galan_gomez/00_metadata/checksums.sha256,1512,NORMAL,YES,NO,CANDIDATE_ONLY_ALL_STAGING_BLOCKED
02_Data_Engineering/GTFS_Lab/20_clientes_reales/FAMILY_A_SMALL_BASIC/001_galan_gomez/00_metadata/inventory.json,1118,NORMAL,YES,NO,CANDIDATE_ONLY_ALL_STAGING_BLOCKED
02_Data_Engineering/GTFS_Lab/20_clientes_reales/FAMILY_A_SMALL_BASIC/001_galan_gomez/00_metadata/source_metadata.json,1803,NORMAL,YES,NO,CANDIDATE_ONLY_ALL_STAGING_BLOCKED
02_Data_Engineering/GTFS_Lab/20_clientes_reales/FAMILY_A_SMALL_BASIC/001_galan_gomez/01_nap_snapshot/Galan Gomez.png,100380,NORMAL,YES,NO,CANDIDATE_ONLY_ALL_STAGING_BLOCKED
02_Data_Engineering/GTFS_Lab/20_clientes_reales/FAMILY_A_SMALL_BASIC/001_galan_gomez/02_sources/gtfs_schedule/extracted/agency.txt,181,EXCLUDED_GENERATED,NO,NO,EXCLUDED_FROM_GIT_PRESERVE_LOCALLY
02_Data_Engineering/GTFS_Lab/20_clientes_reales/FAMILY_A_SMALL_BASIC/001_galan_gomez/02_sources/gtfs_schedule/extracted/calendar.txt,218,EXCLUDED_GENERATED,NO,NO,EXCLUDED_FROM_GIT_PRESERVE_LOCALLY
02_Data_Engineering/GTFS_Lab/20_clientes_reales/FAMILY_A_SMALL_BASIC/001_galan_gomez/02_sources/gtfs_schedule/extracted/feed_info.txt,276,EXCLUDED_GENERATED,NO,NO,EXCLUDED_FROM_GIT_PRESERVE_LOCALLY
02_Data_Engineering/GTFS_Lab/20_clientes_reales/FAMILY_A_SMALL_BASIC/001_galan_gomez/02_sources/gtfs_schedule/extracted/routes.txt,146,EXCLUDED_GENERATED,NO,NO,EXCLUDED_FROM_GIT_PRESERVE_LOCALLY
02_Data_Engineering/GTFS_Lab/20_clientes_reales/FAMILY_A_SMALL_BASIC/001_galan_gomez/02_sources/gtfs_schedule/extracted/shapes.txt,622,EXCLUDED_GENERATED,NO,NO,EXCLUDED_FROM_GIT_PRESERVE_LOCALLY
02_Data_Engineering/GTFS_Lab/20_clientes_reales/FAMILY_A_SMALL_BASIC/001_galan_gomez/02_sources/gtfs_schedule/extracted/stop_times.txt,1337,EXCLUDED_GENERATED,NO,NO,EXCLUDED_FROM_GIT_PRESERVE_LOCALLY
02_Data_Engineering/GTFS_Lab/20_clientes_reales/FAMILY_A_SMALL_BASIC/001_galan_gomez/02_sources/gtfs_schedule/extracted/stops.txt,451,EXCLUDED_GENERATED,NO,NO,EXCLUDED_FROM_GIT_PRESERVE_LOCALLY
02_Data_Engineering/GTFS_Lab/20_clientes_reales/FAMILY_A_SMALL_BASIC/001_galan_gomez/02_sources/gtfs_schedule/extracted/trips.txt,407,EXCLUDED_GENERATED,NO,NO,EXCLUDED_FROM_GIT_PRESERVE_LOCALLY
02_Data_Engineering/GTFS_Lab/20_clientes_reales/FAMILY_A_SMALL_BASIC/001_galan_gomez/02_sources/gtfs_schedule/original/20251029_150004_Autocares_Galan_Gomez.zip,2997,EXCLUDED_GENERATED,NO,NO,EXCLUDED_FROM_GIT_PRESERVE_LOCALLY
02_Data_Engineering/GTFS_Lab/20_clientes_reales/FAMILY_A_SMALL_BASIC/001_galan_gomez/README.md,663,NORMAL,YES,NO,CANDIDATE_ONLY_ALL_STAGING_BLOCKED
02_Data_Engineering/GTFS_Lab/20_clientes_reales/FAMILY_A_SMALL_BASIC/002_ancebus/00_metadata/checksums.sha256,1161,NORMAL,YES,NO,CANDIDATE_ONLY_ALL_STAGING_BLOCKED
02_Data_Engineering/GTFS_Lab/20_clientes_reales/FAMILY_A_SMALL_BASIC/002_ancebus/00_metadata/inventory.json,997,NORMAL,YES,NO,CANDIDATE_ONLY_ALL_STAGING_BLOCKED
02_Data_Engineering/GTFS_Lab/20_clientes_reales/FAMILY_A_SMALL_BASIC/002_ancebus/00_metadata/source_metadata.json,1753,NORMAL,YES,NO,CANDIDATE_ONLY_ALL_STAGING_BLOCKED
02_Data_Engineering/GTFS_Lab/20_clientes_reales/FAMILY_A_SMALL_BASIC/002_ancebus/01_nap_snapshot/Ancebus.png,103367,NORMAL,YES,NO,CANDIDATE_ONLY_ALL_STAGING_BLOCKED
02_Data_Engineering/GTFS_Lab/20_clientes_reales/FAMILY_A_SMALL_BASIC/002_ancebus/02_sources/gtfs_schedule/extracted/agency.txt,164,EXCLUDED_GENERATED,NO,NO,EXCLUDED_FROM_GIT_PRESERVE_LOCALLY
02_Data_Engineering/GTFS_Lab/20_clientes_reales/FAMILY_A_SMALL_BASIC/002_ancebus/02_sources/gtfs_schedule/extracted/calendar.txt,225,EXCLUDED_GENERATED,NO,NO,EXCLUDED_FROM_GIT_PRESERVE_LOCALLY
02_Data_Engineering/GTFS_Lab/20_clientes_reales/FAMILY_A_SMALL_BASIC/002_ancebus/02_sources/gtfs_schedule/extracted/routes.txt,217,EXCLUDED_GENERATED,NO,NO,EXCLUDED_FROM_GIT_PRESERVE_LOCALLY
02_Data_Engineering/GTFS_Lab/20_clientes_reales/FAMILY_A_SMALL_BASIC/002_ancebus/02_sources/gtfs_schedule/extracted/stop_times.txt,2214,EXCLUDED_GENERATED,NO,NO,EXCLUDED_FROM_GIT_PRESERVE_LOCALLY
02_Data_Engineering/GTFS_Lab/20_clientes_reales/FAMILY_A_SMALL_BASIC/002_ancebus/02_sources/gtfs_schedule/extracted/stops.txt,1107,EXCLUDED_GENERATED,NO,NO,EXCLUDED_FROM_GIT_PRESERVE_LOCALLY
02_Data_Engineering/GTFS_Lab/20_clientes_reales/FAMILY_A_SMALL_BASIC/002_ancebus/02_sources/gtfs_schedule/extracted/trips.txt,331,EXCLUDED_GENERATED,NO,NO,EXCLUDED_FROM_GIT_PRESERVE_LOCALLY
02_Data_Engineering/GTFS_Lab/20_clientes_reales/FAMILY_A_SMALL_BASIC/002_ancebus/02_sources/gtfs_schedule/original/20250523_100004_Ancebus.zip,2927,EXCLUDED_GENERATED,NO,NO,EXCLUDED_FROM_GIT_PRESERVE_LOCALLY
02_Data_Engineering/GTFS_Lab/20_clientes_reales/FAMILY_A_SMALL_BASIC/002_ancebus/03_gtfs_explorer/README.md,369,NORMAL,YES,NO,CANDIDATE_ONLY_ALL_STAGING_BLOCKED
02_Data_Engineering/GTFS_Lab/20_clientes_reales/FAMILY_A_SMALL_BASIC/002_ancebus/03_gtfs_explorer/parsed_rule_summary.csv,384,NORMAL,YES,NO,CANDIDATE_ONLY_ALL_STAGING_BLOCKED
02_Data_Engineering/GTFS_Lab/20_clientes_reales/FAMILY_A_SMALL_BASIC/002_ancebus/03_gtfs_explorer/run_001/data.duckdb.editor-pre-migration.bak,2895872,EXCLUDED_GENERATED,NO,NO,EXCLUDED_FROM_GIT_PRESERVE_LOCALLY
02_Data_Engineering/GTFS_Lab/20_clientes_reales/FAMILY_A_SMALL_BASIC/002_ancebus/03_gtfs_explorer/run_001/gtfs-export-route-VACL018-VACL060-service-HIJUELAS-VACL018_WEEKDAY-VACL060_SERVICE-json-spreadsheet-safe.csv,194,NORMAL,YES,NO,CANDIDATE_ONLY_ALL_STAGING_BLOCKED
02_Data_Engineering/GTFS_Lab/20_clientes_reales/FAMILY_A_SMALL_BASIC/002_ancebus/03_gtfs_explorer/run_001/gtfs-export-route-VACL018-VACL060-service-HIJUELAS-VACL018_WEEKDAY-VACL060_SERVICE-json-spreadsheet-safe.csv.manifest.json,382,NORMAL,YES,NO,CANDIDATE_ONLY_ALL_STAGING_BLOCKED
02_Data_Engineering/GTFS_Lab/20_clientes_reales/FAMILY_A_SMALL_BASIC/002_ancebus/03_gtfs_explorer/run_001/gtfs-export-route-VACL018-VACL060-service-HIJUELAS-VACL018_WEEKDAY-VACL060_SERVICE-json.json,20167,NORMAL,YES,NO,CANDIDATE_ONLY_ALL_STAGING_BLOCKED
02_Data_Engineering/GTFS_Lab/20_clientes_reales/FAMILY_A_SMALL_BASIC/002_ancebus/03_gtfs_explorer/run_001/gtfs-export-route-VACL018-VACL060-service-HIJUELAS-VACL018_WEEKDAY-VACL060_SERVICE-json.json.manifest.json,234,NORMAL,YES,NO,CANDIDATE_ONLY_ALL_STAGING_BLOCKED
02_Data_Engineering/GTFS_Lab/20_clientes_reales/FAMILY_A_SMALL_BASIC/002_ancebus/03_gtfs_explorer/run_001/informe-validacion.html,11780,NORMAL,YES,NO,CANDIDATE_ONLY_ALL_STAGING_BLOCKED
02_Data_Engineering/GTFS_Lab/20_clientes_reales/FAMILY_A_SMALL_BASIC/002_ancebus/03_gtfs_explorer/run_001/informe-validacion.html.manifest.json,165,NORMAL,YES,NO,CANDIDATE_ONLY_ALL_STAGING_BLOCKED
02_Data_Engineering/GTFS_Lab/20_clientes_reales/FAMILY_A_SMALL_BASIC/002_ancebus/03_gtfs_explorer/run_001/project.json,380,NORMAL,YES,NO,CANDIDATE_ONLY_ALL_STAGING_BLOCKED
02_Data_Engineering/GTFS_Lab/20_clientes_reales/FAMILY_A_SMALL_BASIC/002_ancebus/04_audit/pilot_01/nap_vs_source.md,619,NORMAL,YES,NO,CANDIDATE_ONLY_ALL_STAGING_BLOCKED
02_Data_Engineering/GTFS_Lab/20_clientes_reales/FAMILY_A_SMALL_BASIC/002_ancebus/04_audit/pilot_01/source_census.json,5951,NORMAL,YES,NO,CANDIDATE_ONLY_ALL_STAGING_BLOCKED
02_Data_Engineering/GTFS_Lab/20_clientes_reales/FAMILY_A_SMALL_BASIC/002_ancebus/04_audit/pilot_01/source_census.md,1388,NORMAL,YES,NO,CANDIDATE_ONLY_ALL_STAGING_BLOCKED
02_Data_Engineering/GTFS_Lab/20_clientes_reales/FAMILY_A_SMALL_BASIC/002_ancebus/README.md,625,NORMAL,YES,NO,CANDIDATE_ONLY_ALL_STAGING_BLOCKED
02_Data_Engineering/GTFS_Lab/20_clientes_reales/FAMILY_A_SMALL_BASIC/003_j_cristeto/00_metadata/checksums.sha256,1496,NORMAL,YES,NO,CANDIDATE_ONLY_ALL_STAGING_BLOCKED
02_Data_Engineering/GTFS_Lab/20_clientes_reales/FAMILY_A_SMALL_BASIC/003_j_cristeto/00_metadata/inventory.json,1114,NORMAL,YES,NO,CANDIDATE_ONLY_ALL_STAGING_BLOCKED
02_Data_Engineering/GTFS_Lab/20_clientes_reales/FAMILY_A_SMALL_BASIC/003_j_cristeto/00_metadata/source_metadata.json,1788,NORMAL,YES,NO,CANDIDATE_ONLY_ALL_STAGING_BLOCKED
02_Data_Engineering/GTFS_Lab/20_clientes_reales/FAMILY_A_SMALL_BASIC/003_j_cristeto/01_nap_snapshot/Cristeto.png,112528,NORMAL,YES,NO,CANDIDATE_ONLY_ALL_STAGING_BLOCKED
02_Data_Engineering/GTFS_Lab/20_clientes_reales/FAMILY_A_SMALL_BASIC/003_j_cristeto/02_sources/gtfs_schedule/extracted/agency.txt,189,EXCLUDED_GENERATED,NO,NO,EXCLUDED_FROM_GIT_PRESERVE_LOCALLY
02_Data_Engineering/GTFS_Lab/20_clientes_reales/FAMILY_A_SMALL_BASIC/003_j_cristeto/02_sources/gtfs_schedule/extracted/calendar.txt,126,EXCLUDED_GENERATED,NO,NO,EXCLUDED_FROM_GIT_PRESERVE_LOCALLY
02_Data_Engineering/GTFS_Lab/20_clientes_reales/FAMILY_A_SMALL_BASIC/003_j_cristeto/02_sources/gtfs_schedule/extracted/feed_info.txt,284,EXCLUDED_GENERATED,NO,NO,EXCLUDED_FROM_GIT_PRESERVE_LOCALLY
02_Data_Engineering/GTFS_Lab/20_clientes_reales/FAMILY_A_SMALL_BASIC/003_j_cristeto/02_sources/gtfs_schedule/extracted/routes.txt,368,EXCLUDED_GENERATED,NO,NO,EXCLUDED_FROM_GIT_PRESERVE_LOCALLY
02_Data_Engineering/GTFS_Lab/20_clientes_reales/FAMILY_A_SMALL_BASIC/003_j_cristeto/02_sources/gtfs_schedule/extracted/shapes.txt,2810,EXCLUDED_GENERATED,NO,NO,EXCLUDED_FROM_GIT_PRESERVE_LOCALLY
02_Data_Engineering/GTFS_Lab/20_clientes_reales/FAMILY_A_SMALL_BASIC/003_j_cristeto/02_sources/gtfs_schedule/extracted/stop_times.txt,3199,EXCLUDED_GENERATED,NO,NO,EXCLUDED_FROM_GIT_PRESERVE_LOCALLY
02_Data_Engineering/GTFS_Lab/20_clientes_reales/FAMILY_A_SMALL_BASIC/003_j_cristeto/02_sources/gtfs_schedule/extracted/stops.txt,1207,EXCLUDED_GENERATED,NO,NO,EXCLUDED_FROM_GIT_PRESERVE_LOCALLY
02_Data_Engineering/GTFS_Lab/20_clientes_reales/FAMILY_A_SMALL_BASIC/003_j_cristeto/02_sources/gtfs_schedule/extracted/trips.txt,488,EXCLUDED_GENERATED,NO,NO,EXCLUDED_FROM_GIT_PRESERVE_LOCALLY
02_Data_Engineering/GTFS_Lab/20_clientes_reales/FAMILY_A_SMALL_BASIC/003_j_cristeto/02_sources/gtfs_schedule/original/20251119_070003_Autocares_Cristeto.zip,4049,EXCLUDED_GENERATED,NO,NO,EXCLUDED_FROM_GIT_PRESERVE_LOCALLY
02_Data_Engineering/GTFS_Lab/20_clientes_reales/FAMILY_A_SMALL_BASIC/003_j_cristeto/README.md,651,NORMAL,YES,NO,CANDIDATE_ONLY_ALL_STAGING_BLOCKED
02_Data_Engineering/GTFS_Lab/20_clientes_reales/FAMILY_A_SMALL_BASIC/004_alvarez_viajeros/00_metadata/checksums.sha256,1243,NORMAL,YES,NO,CANDIDATE_ONLY_ALL_STAGING_BLOCKED
02_Data_Engineering/GTFS_Lab/20_clientes_reales/FAMILY_A_SMALL_BASIC/004_alvarez_viajeros/00_metadata/inventory.json,1006,NORMAL,YES,NO,CANDIDATE_ONLY_ALL_STAGING_BLOCKED
02_Data_Engineering/GTFS_Lab/20_clientes_reales/FAMILY_A_SMALL_BASIC/004_alvarez_viajeros/00_metadata/source_metadata.json,1815,NORMAL,YES,NO,CANDIDATE_ONLY_ALL_STAGING_BLOCKED
02_Data_Engineering/GTFS_Lab/20_clientes_reales/FAMILY_A_SMALL_BASIC/004_alvarez_viajeros/01_nap_snapshot/Alvarez.png,178025,NORMAL,YES,NO,CANDIDATE_ONLY_ALL_STAGING_BLOCKED
02_Data_Engineering/GTFS_Lab/20_clientes_reales/FAMILY_A_SMALL_BASIC/004_alvarez_viajeros/02_sources/gtfs_schedule/extracted/agency.txt,190,EXCLUDED_GENERATED,NO,NO,EXCLUDED_FROM_GIT_PRESERVE_LOCALLY
02_Data_Engineering/GTFS_Lab/20_clientes_reales/FAMILY_A_SMALL_BASIC/004_alvarez_viajeros/02_sources/gtfs_schedule/extracted/calendar.txt,428,EXCLUDED_GENERATED,NO,NO,EXCLUDED_FROM_GIT_PRESERVE_LOCALLY
02_Data_Engineering/GTFS_Lab/20_clientes_reales/FAMILY_A_SMALL_BASIC/004_alvarez_viajeros/02_sources/gtfs_schedule/extracted/routes.txt,175,EXCLUDED_GENERATED,NO,NO,EXCLUDED_FROM_GIT_PRESERVE_LOCALLY
02_Data_Engineering/GTFS_Lab/20_clientes_reales/FAMILY_A_SMALL_BASIC/004_alvarez_viajeros/02_sources/gtfs_schedule/extracted/stop_times.txt,6544,EXCLUDED_GENERATED,NO,NO,EXCLUDED_FROM_GIT_PRESERVE_LOCALLY
02_Data_Engineering/GTFS_Lab/20_clientes_reales/FAMILY_A_SMALL_BASIC/004_alvarez_viajeros/02_sources/gtfs_schedule/extracted/stops.txt,4048,EXCLUDED_GENERATED,NO,NO,EXCLUDED_FROM_GIT_PRESERVE_LOCALLY
02_Data_Engineering/GTFS_Lab/20_clientes_reales/FAMILY_A_SMALL_BASIC/004_alvarez_viajeros/02_sources/gtfs_schedule/extracted/trips.txt,774,EXCLUDED_GENERATED,NO,NO,EXCLUDED_FROM_GIT_PRESERVE_LOCALLY
02_Data_Engineering/GTFS_Lab/20_clientes_reales/FAMILY_A_SMALL_BASIC/004_alvarez_viajeros/02_sources/gtfs_schedule/original/20250522_080004_Autocares_Alvarez.zip,4711,EXCLUDED_GENERATED,NO,NO,EXCLUDED_FROM_GIT_PRESERVE_LOCALLY
02_Data_Engineering/GTFS_Lab/20_clientes_reales/FAMILY_A_SMALL_BASIC/004_alvarez_viajeros/README.md,660,NORMAL,YES,NO,CANDIDATE_ONLY_ALL_STAGING_BLOCKED
02_Data_Engineering/GTFS_Lab/20_clientes_reales/FAMILY_A_SMALL_BASIC/005_viagon/00_metadata/checksums.sha256,1161,NORMAL,YES,NO,CANDIDATE_ONLY_ALL_STAGING_BLOCKED
02_Data_Engineering/GTFS_Lab/20_clientes_reales/FAMILY_A_SMALL_BASIC/005_viagon/00_metadata/inventory.json,995,NORMAL,YES,NO,CANDIDATE_ONLY_ALL_STAGING_BLOCKED
02_Data_Engineering/GTFS_Lab/20_clientes_reales/FAMILY_A_SMALL_BASIC/005_viagon/00_metadata/source_metadata.json,1770,NORMAL,YES,NO,CANDIDATE_ONLY_ALL_STAGING_BLOCKED
02_Data_Engineering/GTFS_Lab/20_clientes_reales/FAMILY_A_SMALL_BASIC/005_viagon/01_nap_snapshot/Viagon.png,142903,NORMAL,YES,NO,CANDIDATE_ONLY_ALL_STAGING_BLOCKED
02_Data_Engineering/GTFS_Lab/20_clientes_reales/FAMILY_A_SMALL_BASIC/005_viagon/02_sources/gtfs_schedule/extracted/agency.txt,175,EXCLUDED_GENERATED,NO,NO,EXCLUDED_FROM_GIT_PRESERVE_LOCALLY
02_Data_Engineering/GTFS_Lab/20_clientes_reales/FAMILY_A_SMALL_BASIC/005_viagon/02_sources/gtfs_schedule/extracted/calendar.txt,636,EXCLUDED_GENERATED,NO,NO,EXCLUDED_FROM_GIT_PRESERVE_LOCALLY
02_Data_Engineering/GTFS_Lab/20_clientes_reales/FAMILY_A_SMALL_BASIC/005_viagon/02_sources/gtfs_schedule/extracted/routes.txt,871,EXCLUDED_GENERATED,NO,NO,EXCLUDED_FROM_GIT_PRESERVE_LOCALLY
02_Data_Engineering/GTFS_Lab/20_clientes_reales/FAMILY_A_SMALL_BASIC/005_viagon/02_sources/gtfs_schedule/extracted/stop_times.txt,14335,EXCLUDED_GENERATED,NO,NO,EXCLUDED_FROM_GIT_PRESERVE_LOCALLY
02_Data_Engineering/GTFS_Lab/20_clientes_reales/FAMILY_A_SMALL_BASIC/005_viagon/02_sources/gtfs_schedule/extracted/stops.txt,4054,EXCLUDED_GENERATED,NO,NO,EXCLUDED_FROM_GIT_PRESERVE_LOCALLY
02_Data_Engineering/GTFS_Lab/20_clientes_reales/FAMILY_A_SMALL_BASIC/005_viagon/02_sources/gtfs_schedule/extracted/trips.txt,1192,EXCLUDED_GENERATED,NO,NO,EXCLUDED_FROM_GIT_PRESERVE_LOCALLY
02_Data_Engineering/GTFS_Lab/20_clientes_reales/FAMILY_A_SMALL_BASIC/005_viagon/02_sources/gtfs_schedule/original/20250604_080004_Viagon_Autocares.zip,6120,EXCLUDED_GENERATED,NO,NO,EXCLUDED_FROM_GIT_PRESERVE_LOCALLY
02_Data_Engineering/GTFS_Lab/20_clientes_reales/FAMILY_A_SMALL_BASIC/005_viagon/03_gtfs_explorer/README.md,369,NORMAL,YES,NO,CANDIDATE_ONLY_ALL_STAGING_BLOCKED
02_Data_Engineering/GTFS_Lab/20_clientes_reales/FAMILY_A_SMALL_BASIC/005_viagon/03_gtfs_explorer/parsed_rule_summary.csv,1848,NORMAL,YES,NO,CANDIDATE_ONLY_ALL_STAGING_BLOCKED
02_Data_Engineering/GTFS_Lab/20_clientes_reales/FAMILY_A_SMALL_BASIC/005_viagon/03_gtfs_explorer/run_001/Captura de pantalla 2026-09-22 200259.png,78772,NORMAL,YES,NO,CANDIDATE_ONLY_ALL_STAGING_BLOCKED
02_Data_Engineering/GTFS_Lab/20_clientes_reales/FAMILY_A_SMALL_BASIC/005_viagon/03_gtfs_explorer/run_001/data.duckdb.editor-pre-migration.bak,2895872,EXCLUDED_GENERATED,NO,NO,EXCLUDED_FROM_GIT_PRESERVE_LOCALLY
02_Data_Engineering/GTFS_Lab/20_clientes_reales/FAMILY_A_SMALL_BASIC/005_viagon/03_gtfs_explorer/run_001/gtfs-export-route-AECL118-VACL070_1-VACL070_2-VACL070_3-VACL072_1-VACL072_2-VACL072_3-VACL072_4-VACL072_5-VACL072_6-VACL072_7-6a65269b.json,80060,NORMAL,YES,NO,CANDIDATE_ONLY_ALL_STAGING_BLOCKED
02_Data_Engineering/GTFS_Lab/20_clientes_reales/FAMILY_A_SMALL_BASIC/005_viagon/03_gtfs_explorer/run_001/gtfs-export-route-AECL118-VACL070_1-VACL070_2-VACL070_3-VACL072_1-VACL072_2-VACL072_3-VACL072_4-VACL072_5-VACL072_6-VACL072_7-6a65269b.json.manifest.json,281,NORMAL,YES,NO,CANDIDATE_ONLY_ALL_STAGING_BLOCKED
02_Data_Engineering/GTFS_Lab/20_clientes_reales/FAMILY_A_SMALL_BASIC/005_viagon/03_gtfs_explorer/run_001/informe-validacion.html,51194,NORMAL,YES,NO,CANDIDATE_ONLY_ALL_STAGING_BLOCKED
02_Data_Engineering/GTFS_Lab/20_clientes_reales/FAMILY_A_SMALL_BASIC/005_viagon/03_gtfs_explorer/run_001/informe-validacion.html.manifest.json,165,NORMAL,YES,NO,CANDIDATE_ONLY_ALL_STAGING_BLOCKED
02_Data_Engineering/GTFS_Lab/20_clientes_reales/FAMILY_A_SMALL_BASIC/005_viagon/03_gtfs_explorer/run_001/project.json,380,NORMAL,YES,NO,CANDIDATE_ONLY_ALL_STAGING_BLOCKED
02_Data_Engineering/GTFS_Lab/20_clientes_reales/FAMILY_A_SMALL_BASIC/005_viagon/04_audit/pilot_01/nap_vs_source.md,623,NORMAL,YES,NO,CANDIDATE_ONLY_ALL_STAGING_BLOCKED
02_Data_Engineering/GTFS_Lab/20_clientes_reales/FAMILY_A_SMALL_BASIC/005_viagon/04_audit/pilot_01/source_census.json,7753,NORMAL,YES,NO,CANDIDATE_ONLY_ALL_STAGING_BLOCKED
02_Data_Engineering/GTFS_Lab/20_clientes_reales/FAMILY_A_SMALL_BASIC/005_viagon/04_audit/pilot_01/source_census.md,1963,NORMAL,YES,NO,CANDIDATE_ONLY_ALL_STAGING_BLOCKED
02_Data_Engineering/GTFS_Lab/20_clientes_reales/FAMILY_A_SMALL_BASIC/005_viagon/README.md,645,NORMAL,YES,NO,CANDIDATE_ONLY_ALL_STAGING_BLOCKED
02_Data_Engineering/GTFS_Lab/20_clientes_reales/FAMILY_A_SMALL_BASIC/006_rafael_nadal/00_metadata/checksums.sha256,1374,NORMAL,YES,NO,CANDIDATE_ONLY_ALL_STAGING_BLOCKED
02_Data_Engineering/GTFS_Lab/20_clientes_reales/FAMILY_A_SMALL_BASIC/006_rafael_nadal/00_metadata/inventory.json,1065,NORMAL,YES,NO,CANDIDATE_ONLY_ALL_STAGING_BLOCKED
02_Data_Engineering/GTFS_Lab/20_clientes_reales/FAMILY_A_SMALL_BASIC/006_rafael_nadal/00_metadata/source_metadata.json,1803,NORMAL,YES,NO,CANDIDATE_ONLY_ALL_STAGING_BLOCKED
02_Data_Engineering/GTFS_Lab/20_clientes_reales/FAMILY_A_SMALL_BASIC/006_rafael_nadal/01_nap_snapshot/Rafael Nadal.png,159763,NORMAL,YES,NO,CANDIDATE_ONLY_ALL_STAGING_BLOCKED
02_Data_Engineering/GTFS_Lab/20_clientes_reales/FAMILY_A_SMALL_BASIC/006_rafael_nadal/02_sources/gtfs_schedule/extracted/agency.txt,202,EXCLUDED_GENERATED,NO,NO,EXCLUDED_FROM_GIT_PRESERVE_LOCALLY
02_Data_Engineering/GTFS_Lab/20_clientes_reales/FAMILY_A_SMALL_BASIC/006_rafael_nadal/02_sources/gtfs_schedule/extracted/calendar.txt,129,EXCLUDED_GENERATED,NO,NO,EXCLUDED_FROM_GIT_PRESERVE_LOCALLY
02_Data_Engineering/GTFS_Lab/20_clientes_reales/FAMILY_A_SMALL_BASIC/006_rafael_nadal/02_sources/gtfs_schedule/extracted/feed_info.txt,217,EXCLUDED_GENERATED,NO,NO,EXCLUDED_FROM_GIT_PRESERVE_LOCALLY
02_Data_Engineering/GTFS_Lab/20_clientes_reales/FAMILY_A_SMALL_BASIC/006_rafael_nadal/02_sources/gtfs_schedule/extracted/routes.txt,122,EXCLUDED_GENERATED,NO,NO,EXCLUDED_FROM_GIT_PRESERVE_LOCALLY
02_Data_Engineering/GTFS_Lab/20_clientes_reales/FAMILY_A_SMALL_BASIC/006_rafael_nadal/02_sources/gtfs_schedule/extracted/stop_times.txt,219,EXCLUDED_GENERATED,NO,NO,EXCLUDED_FROM_GIT_PRESERVE_LOCALLY
02_Data_Engineering/GTFS_Lab/20_clientes_reales/FAMILY_A_SMALL_BASIC/006_rafael_nadal/02_sources/gtfs_schedule/extracted/stops.txt,171,EXCLUDED_GENERATED,NO,NO,EXCLUDED_FROM_GIT_PRESERVE_LOCALLY
02_Data_Engineering/GTFS_Lab/20_clientes_reales/FAMILY_A_SMALL_BASIC/006_rafael_nadal/02_sources/gtfs_schedule/extracted/trips.txt,103,EXCLUDED_GENERATED,NO,NO,EXCLUDED_FROM_GIT_PRESERVE_LOCALLY
02_Data_Engineering/GTFS_Lab/20_clientes_reales/FAMILY_A_SMALL_BASIC/006_rafael_nadal/02_sources/gtfs_schedule/original/20250320_121835_Autocares_Rafael_Nadal.zip,1982,EXCLUDED_GENERATED,NO,NO,EXCLUDED_FROM_GIT_PRESERVE_LOCALLY
02_Data_Engineering/GTFS_Lab/20_clientes_reales/FAMILY_A_SMALL_BASIC/006_rafael_nadal/README.md,660,NORMAL,YES,NO,CANDIDATE_ONLY_ALL_STAGING_BLOCKED
02_Data_Engineering/GTFS_Lab/20_clientes_reales/FAMILY_A_SMALL_BASIC/007_perez_cubero/00_metadata/checksums.sha256,1364,NORMAL,YES,NO,CANDIDATE_ONLY_ALL_STAGING_BLOCKED
02_Data_Engineering/GTFS_Lab/20_clientes_reales/FAMILY_A_SMALL_BASIC/007_perez_cubero/00_metadata/inventory.json,1065,NORMAL,YES,NO,CANDIDATE_ONLY_ALL_STAGING_BLOCKED
02_Data_Engineering/GTFS_Lab/20_clientes_reales/FAMILY_A_SMALL_BASIC/007_perez_cubero/00_metadata/source_metadata.json,1786,NORMAL,YES,NO,CANDIDATE_ONLY_ALL_STAGING_BLOCKED
02_Data_Engineering/GTFS_Lab/20_clientes_reales/FAMILY_A_SMALL_BASIC/007_perez_cubero/01_nap_snapshot/Perez Cubero.png,301507,NORMAL,YES,NO,CANDIDATE_ONLY_ALL_STAGING_BLOCKED
02_Data_Engineering/GTFS_Lab/20_clientes_reales/FAMILY_A_SMALL_BASIC/007_perez_cubero/02_sources/gtfs_schedule/extracted/agency.txt,199,EXCLUDED_GENERATED,NO,NO,EXCLUDED_FROM_GIT_PRESERVE_LOCALLY
02_Data_Engineering/GTFS_Lab/20_clientes_reales/FAMILY_A_SMALL_BASIC/007_perez_cubero/02_sources/gtfs_schedule/extracted/calendar.txt,129,EXCLUDED_GENERATED,NO,NO,EXCLUDED_FROM_GIT_PRESERVE_LOCALLY
02_Data_Engineering/GTFS_Lab/20_clientes_reales/FAMILY_A_SMALL_BASIC/007_perez_cubero/02_sources/gtfs_schedule/extracted/feed_info.txt,217,EXCLUDED_GENERATED,NO,NO,EXCLUDED_FROM_GIT_PRESERVE_LOCALLY
02_Data_Engineering/GTFS_Lab/20_clientes_reales/FAMILY_A_SMALL_BASIC/007_perez_cubero/02_sources/gtfs_schedule/extracted/routes.txt,154,EXCLUDED_GENERATED,NO,NO,EXCLUDED_FROM_GIT_PRESERVE_LOCALLY
02_Data_Engineering/GTFS_Lab/20_clientes_reales/FAMILY_A_SMALL_BASIC/007_perez_cubero/02_sources/gtfs_schedule/extracted/stop_times.txt,765,EXCLUDED_GENERATED,NO,NO,EXCLUDED_FROM_GIT_PRESERVE_LOCALLY
02_Data_Engineering/GTFS_Lab/20_clientes_reales/FAMILY_A_SMALL_BASIC/007_perez_cubero/02_sources/gtfs_schedule/extracted/stops.txt,1102,EXCLUDED_GENERATED,NO,NO,EXCLUDED_FROM_GIT_PRESERVE_LOCALLY
02_Data_Engineering/GTFS_Lab/20_clientes_reales/FAMILY_A_SMALL_BASIC/007_perez_cubero/02_sources/gtfs_schedule/extracted/trips.txt,88,EXCLUDED_GENERATED,NO,NO,EXCLUDED_FROM_GIT_PRESERVE_LOCALLY
02_Data_Engineering/GTFS_Lab/20_clientes_reales/FAMILY_A_SMALL_BASIC/007_perez_cubero/02_sources/gtfs_schedule/original/20260320_090030_Perez_Cubero.zip,2201,EXCLUDED_GENERATED,NO,NO,EXCLUDED_FROM_GIT_PRESERVE_LOCALLY
02_Data_Engineering/GTFS_Lab/20_clientes_reales/FAMILY_A_SMALL_BASIC/007_perez_cubero/README.md,643,NORMAL,YES,NO,CANDIDATE_ONLY_ALL_STAGING_BLOCKED
02_Data_Engineering/GTFS_Lab/20_clientes_reales/FAMILY_B_SME_OPERATIONAL/008_baraza/00_metadata/checksums.sha256,2255,NORMAL,YES,NO,CANDIDATE_ONLY_ALL_STAGING_BLOCKED
02_Data_Engineering/GTFS_Lab/20_clientes_reales/FAMILY_B_SME_OPERATIONAL/008_baraza/00_metadata/inventory.json,1416,NORMAL,YES,NO,CANDIDATE_ONLY_ALL_STAGING_BLOCKED
02_Data_Engineering/GTFS_Lab/20_clientes_reales/FAMILY_B_SME_OPERATIONAL/008_baraza/00_metadata/source_metadata.json,1773,NORMAL,YES,NO,CANDIDATE_ONLY_ALL_STAGING_BLOCKED
02_Data_Engineering/GTFS_Lab/20_clientes_reales/FAMILY_B_SME_OPERATIONAL/008_baraza/01_nap_snapshot/Baraza.png,93965,NORMAL,YES,NO,CANDIDATE_ONLY_ALL_STAGING_BLOCKED
02_Data_Engineering/GTFS_Lab/20_clientes_reales/FAMILY_B_SME_OPERATIONAL/008_baraza/02_sources/gtfs_schedule/extracted/agency.txt,187,EXCLUDED_GENERATED,NO,NO,EXCLUDED_FROM_GIT_PRESERVE_LOCALLY
02_Data_Engineering/GTFS_Lab/20_clientes_reales/FAMILY_B_SME_OPERATIONAL/008_baraza/02_sources/gtfs_schedule/extracted/calendar.txt,3214,EXCLUDED_GENERATED,NO,NO,EXCLUDED_FROM_GIT_PRESERVE_LOCALLY
02_Data_Engineering/GTFS_Lab/20_clientes_reales/FAMILY_B_SME_OPERATIONAL/008_baraza/02_sources/gtfs_schedule/extracted/calendar_dates.txt,979,EXCLUDED_GENERATED,NO,NO,EXCLUDED_FROM_GIT_PRESERVE_LOCALLY
02_Data_Engineering/GTFS_Lab/20_clientes_reales/FAMILY_B_SME_OPERATIONAL/008_baraza/02_sources/gtfs_schedule/extracted/fare_attributes.txt,85,EXCLUDED_GENERATED,NO,NO,EXCLUDED_FROM_GIT_PRESERVE_LOCALLY
02_Data_Engineering/GTFS_Lab/20_clientes_reales/FAMILY_B_SME_OPERATIONAL/008_baraza/02_sources/gtfs_schedule/extracted/fare_rules.txt,58,EXCLUDED_GENERATED,NO,NO,EXCLUDED_FROM_GIT_PRESERVE_LOCALLY
02_Data_Engineering/GTFS_Lab/20_clientes_reales/FAMILY_B_SME_OPERATIONAL/008_baraza/02_sources/gtfs_schedule/extracted/feed_info.txt,132,EXCLUDED_GENERATED,NO,NO,EXCLUDED_FROM_GIT_PRESERVE_LOCALLY
02_Data_Engineering/GTFS_Lab/20_clientes_reales/FAMILY_B_SME_OPERATIONAL/008_baraza/02_sources/gtfs_schedule/extracted/frequencies.txt,57,EXCLUDED_GENERATED,NO,NO,EXCLUDED_FROM_GIT_PRESERVE_LOCALLY
02_Data_Engineering/GTFS_Lab/20_clientes_reales/FAMILY_B_SME_OPERATIONAL/008_baraza/02_sources/gtfs_schedule/extracted/routes.txt,1192,EXCLUDED_GENERATED,NO,NO,EXCLUDED_FROM_GIT_PRESERVE_LOCALLY
02_Data_Engineering/GTFS_Lab/20_clientes_reales/FAMILY_B_SME_OPERATIONAL/008_baraza/02_sources/gtfs_schedule/extracted/shapes.txt,441738,EXCLUDED_GENERATED,NO,NO,EXCLUDED_FROM_GIT_PRESERVE_LOCALLY
02_Data_Engineering/GTFS_Lab/20_clientes_reales/FAMILY_B_SME_OPERATIONAL/008_baraza/02_sources/gtfs_schedule/extracted/stop_times.txt,63084,EXCLUDED_GENERATED,NO,NO,EXCLUDED_FROM_GIT_PRESERVE_LOCALLY
02_Data_Engineering/GTFS_Lab/20_clientes_reales/FAMILY_B_SME_OPERATIONAL/008_baraza/02_sources/gtfs_schedule/extracted/stops.txt,4474,EXCLUDED_GENERATED,NO,NO,EXCLUDED_FROM_GIT_PRESERVE_LOCALLY
02_Data_Engineering/GTFS_Lab/20_clientes_reales/FAMILY_B_SME_OPERATIONAL/008_baraza/02_sources/gtfs_schedule/extracted/transfers.txt,60,EXCLUDED_GENERATED,NO,NO,EXCLUDED_FROM_GIT_PRESERVE_LOCALLY
02_Data_Engineering/GTFS_Lab/20_clientes_reales/FAMILY_B_SME_OPERATIONAL/008_baraza/02_sources/gtfs_schedule/extracted/trips.txt,4035,EXCLUDED_GENERATED,NO,NO,EXCLUDED_FROM_GIT_PRESERVE_LOCALLY
02_Data_Engineering/GTFS_Lab/20_clientes_reales/FAMILY_B_SME_OPERATIONAL/008_baraza/02_sources/gtfs_schedule/original/20260831_100006_BUS_Baraza.zip,126374,EXCLUDED_GENERATED,NO,NO,EXCLUDED_FROM_GIT_PRESERVE_LOCALLY
02_Data_Engineering/GTFS_Lab/20_clientes_reales/FAMILY_B_SME_OPERATIONAL/008_baraza/README.md,636,NORMAL,YES,NO,CANDIDATE_ONLY_ALL_STAGING_BLOCKED
02_Data_Engineering/GTFS_Lab/20_clientes_reales/FAMILY_B_SME_OPERATIONAL/009_medina/00_metadata/checksums.sha256,1347,NORMAL,YES,NO,CANDIDATE_ONLY_ALL_STAGING_BLOCKED
02_Data_Engineering/GTFS_Lab/20_clientes_reales/FAMILY_B_SME_OPERATIONAL/009_medina/00_metadata/inventory.json,1060,NORMAL,YES,NO,CANDIDATE_ONLY_ALL_STAGING_BLOCKED
02_Data_Engineering/GTFS_Lab/20_clientes_reales/FAMILY_B_SME_OPERATIONAL/009_medina/00_metadata/source_metadata.json,1779,NORMAL,YES,NO,CANDIDATE_ONLY_ALL_STAGING_BLOCKED
02_Data_Engineering/GTFS_Lab/20_clientes_reales/FAMILY_B_SME_OPERATIONAL/009_medina/01_nap_snapshot/Medina.png,196735,NORMAL,YES,NO,CANDIDATE_ONLY_ALL_STAGING_BLOCKED
02_Data_Engineering/GTFS_Lab/20_clientes_reales/FAMILY_B_SME_OPERATIONAL/009_medina/02_sources/gtfs_schedule/extracted/agency.txt,157,EXCLUDED_GENERATED,NO,NO,EXCLUDED_FROM_GIT_PRESERVE_LOCALLY
02_Data_Engineering/GTFS_Lab/20_clientes_reales/FAMILY_B_SME_OPERATIONAL/009_medina/02_sources/gtfs_schedule/extracted/calendar_dates.txt,14641,EXCLUDED_GENERATED,NO,NO,EXCLUDED_FROM_GIT_PRESERVE_LOCALLY
02_Data_Engineering/GTFS_Lab/20_clientes_reales/FAMILY_B_SME_OPERATIONAL/009_medina/02_sources/gtfs_schedule/extracted/routes.txt,264,EXCLUDED_GENERATED,NO,NO,EXCLUDED_FROM_GIT_PRESERVE_LOCALLY
02_Data_Engineering/GTFS_Lab/20_clientes_reales/FAMILY_B_SME_OPERATIONAL/009_medina/02_sources/gtfs_schedule/extracted/shapes.txt,70285,EXCLUDED_GENERATED,NO,NO,EXCLUDED_FROM_GIT_PRESERVE_LOCALLY
02_Data_Engineering/GTFS_Lab/20_clientes_reales/FAMILY_B_SME_OPERATIONAL/009_medina/02_sources/gtfs_schedule/extracted/stop_times.txt,76357,EXCLUDED_GENERATED,NO,NO,EXCLUDED_FROM_GIT_PRESERVE_LOCALLY
02_Data_Engineering/GTFS_Lab/20_clientes_reales/FAMILY_B_SME_OPERATIONAL/009_medina/02_sources/gtfs_schedule/extracted/stops.txt,4034,EXCLUDED_GENERATED,NO,NO,EXCLUDED_FROM_GIT_PRESERVE_LOCALLY
02_Data_Engineering/GTFS_Lab/20_clientes_reales/FAMILY_B_SME_OPERATIONAL/009_medina/02_sources/gtfs_schedule/extracted/trips.txt,6065,EXCLUDED_GENERATED,NO,NO,EXCLUDED_FROM_GIT_PRESERVE_LOCALLY
02_Data_Engineering/GTFS_Lab/20_clientes_reales/FAMILY_B_SME_OPERATIONAL/009_medina/02_sources/gtfs_schedule/original/20250916_080004_AUTOCARES_MEDINA.zip,29686,EXCLUDED_GENERATED,NO,NO,EXCLUDED_FROM_GIT_PRESERVE_LOCALLY
02_Data_Engineering/GTFS_Lab/20_clientes_reales/FAMILY_B_SME_OPERATIONAL/009_medina/README.md,642,NORMAL,YES,NO,CANDIDATE_ONLY_ALL_STAGING_BLOCKED
02_Data_Engineering/GTFS_Lab/20_clientes_reales/FAMILY_B_SME_OPERATIONAL/010_rodil/00_metadata/checksums.sha256,1786,NORMAL,YES,NO,CANDIDATE_ONLY_ALL_STAGING_BLOCKED
02_Data_Engineering/GTFS_Lab/20_clientes_reales/FAMILY_B_SME_OPERATIONAL/010_rodil/00_metadata/inventory.json,1238,NORMAL,YES,NO,CANDIDATE_ONLY_ALL_STAGING_BLOCKED
02_Data_Engineering/GTFS_Lab/20_clientes_reales/FAMILY_B_SME_OPERATIONAL/010_rodil/00_metadata/source_metadata.json,1757,NORMAL,YES,NO,CANDIDATE_ONLY_ALL_STAGING_BLOCKED
02_Data_Engineering/GTFS_Lab/20_clientes_reales/FAMILY_B_SME_OPERATIONAL/010_rodil/01_nap_snapshot/Rodil.png,238788,NORMAL,YES,NO,CANDIDATE_ONLY_ALL_STAGING_BLOCKED
02_Data_Engineering/GTFS_Lab/20_clientes_reales/FAMILY_B_SME_OPERATIONAL/010_rodil/02_sources/gtfs_schedule/extracted/agency.txt,141,EXCLUDED_GENERATED,NO,NO,EXCLUDED_FROM_GIT_PRESERVE_LOCALLY
02_Data_Engineering/GTFS_Lab/20_clientes_reales/FAMILY_B_SME_OPERATIONAL/010_rodil/02_sources/gtfs_schedule/extracted/calendar.txt,620,EXCLUDED_GENERATED,NO,NO,EXCLUDED_FROM_GIT_PRESERVE_LOCALLY
02_Data_Engineering/GTFS_Lab/20_clientes_reales/FAMILY_B_SME_OPERATIONAL/010_rodil/02_sources/gtfs_schedule/extracted/calendar_dates.txt,10126,EXCLUDED_GENERATED,NO,NO,EXCLUDED_FROM_GIT_PRESERVE_LOCALLY
02_Data_Engineering/GTFS_Lab/20_clientes_reales/FAMILY_B_SME_OPERATIONAL/010_rodil/02_sources/gtfs_schedule/extracted/fare_attributes.txt,80,EXCLUDED_GENERATED,NO,NO,EXCLUDED_FROM_GIT_PRESERVE_LOCALLY
02_Data_Engineering/GTFS_Lab/20_clientes_reales/FAMILY_B_SME_OPERATIONAL/010_rodil/02_sources/gtfs_schedule/extracted/fare_rules.txt,41,EXCLUDED_GENERATED,NO,NO,EXCLUDED_FROM_GIT_PRESERVE_LOCALLY
02_Data_Engineering/GTFS_Lab/20_clientes_reales/FAMILY_B_SME_OPERATIONAL/010_rodil/02_sources/gtfs_schedule/extracted/routes.txt,1017,EXCLUDED_GENERATED,NO,NO,EXCLUDED_FROM_GIT_PRESERVE_LOCALLY
02_Data_Engineering/GTFS_Lab/20_clientes_reales/FAMILY_B_SME_OPERATIONAL/010_rodil/02_sources/gtfs_schedule/extracted/shapes.txt,7565,EXCLUDED_GENERATED,NO,NO,EXCLUDED_FROM_GIT_PRESERVE_LOCALLY
02_Data_Engineering/GTFS_Lab/20_clientes_reales/FAMILY_B_SME_OPERATIONAL/010_rodil/02_sources/gtfs_schedule/extracted/stop_times.txt,39457,EXCLUDED_GENERATED,NO,NO,EXCLUDED_FROM_GIT_PRESERVE_LOCALLY
02_Data_Engineering/GTFS_Lab/20_clientes_reales/FAMILY_B_SME_OPERATIONAL/010_rodil/02_sources/gtfs_schedule/extracted/stops.txt,5083,EXCLUDED_GENERATED,NO,NO,EXCLUDED_FROM_GIT_PRESERVE_LOCALLY
02_Data_Engineering/GTFS_Lab/20_clientes_reales/FAMILY_B_SME_OPERATIONAL/010_rodil/02_sources/gtfs_schedule/extracted/trips.txt,5873,EXCLUDED_GENERATED,NO,NO,EXCLUDED_FROM_GIT_PRESERVE_LOCALLY
02_Data_Engineering/GTFS_Lab/20_clientes_reales/FAMILY_B_SME_OPERATIONAL/010_rodil/02_sources/gtfs_schedule/original/20260309_110029_BUS_RODIL.zip,13888,EXCLUDED_GENERATED,NO,NO,EXCLUDED_FROM_GIT_PRESERVE_LOCALLY
02_Data_Engineering/GTFS_Lab/20_clientes_reales/FAMILY_B_SME_OPERATIONAL/010_rodil/README.md,623,NORMAL,YES,NO,CANDIDATE_ONLY_ALL_STAGING_BLOCKED
02_Data_Engineering/GTFS_Lab/20_clientes_reales/FAMILY_B_SME_OPERATIONAL/011_autocorb/00_metadata/checksums.sha256,1668,NORMAL,YES,NO,CANDIDATE_ONLY_ALL_STAGING_BLOCKED
02_Data_Engineering/GTFS_Lab/20_clientes_reales/FAMILY_B_SME_OPERATIONAL/011_autocorb/00_metadata/inventory.json,1179,NORMAL,YES,NO,CANDIDATE_ONLY_ALL_STAGING_BLOCKED
02_Data_Engineering/GTFS_Lab/20_clientes_reales/FAMILY_B_SME_OPERATIONAL/011_autocorb/00_metadata/source_metadata.json,1785,NORMAL,YES,NO,CANDIDATE_ONLY_ALL_STAGING_BLOCKED
02_Data_Engineering/GTFS_Lab/20_clientes_reales/FAMILY_B_SME_OPERATIONAL/011_autocorb/01_nap_snapshot/Autocorb.png,256053,NORMAL,YES,NO,CANDIDATE_ONLY_ALL_STAGING_BLOCKED
02_Data_Engineering/GTFS_Lab/20_clientes_reales/FAMILY_B_SME_OPERATIONAL/011_autocorb/02_sources/gtfs_schedule/extracted/agency.txt,151,EXCLUDED_GENERATED,NO,NO,EXCLUDED_FROM_GIT_PRESERVE_LOCALLY
02_Data_Engineering/GTFS_Lab/20_clientes_reales/FAMILY_B_SME_OPERATIONAL/011_autocorb/02_sources/gtfs_schedule/extracted/calendar.txt,618,EXCLUDED_GENERATED,NO,NO,EXCLUDED_FROM_GIT_PRESERVE_LOCALLY
02_Data_Engineering/GTFS_Lab/20_clientes_reales/FAMILY_B_SME_OPERATIONAL/011_autocorb/02_sources/gtfs_schedule/extracted/calendar_dates.txt,3724,EXCLUDED_GENERATED,NO,NO,EXCLUDED_FROM_GIT_PRESERVE_LOCALLY
02_Data_Engineering/GTFS_Lab/20_clientes_reales/FAMILY_B_SME_OPERATIONAL/011_autocorb/02_sources/gtfs_schedule/extracted/feed_info.txt,152,EXCLUDED_GENERATED,NO,NO,EXCLUDED_FROM_GIT_PRESERVE_LOCALLY
02_Data_Engineering/GTFS_Lab/20_clientes_reales/FAMILY_B_SME_OPERATIONAL/011_autocorb/02_sources/gtfs_schedule/extracted/routes.txt,601,EXCLUDED_GENERATED,NO,NO,EXCLUDED_FROM_GIT_PRESERVE_LOCALLY
02_Data_Engineering/GTFS_Lab/20_clientes_reales/FAMILY_B_SME_OPERATIONAL/011_autocorb/02_sources/gtfs_schedule/extracted/shapes.txt,222028,EXCLUDED_GENERATED,NO,NO,EXCLUDED_FROM_GIT_PRESERVE_LOCALLY
02_Data_Engineering/GTFS_Lab/20_clientes_reales/FAMILY_B_SME_OPERATIONAL/011_autocorb/02_sources/gtfs_schedule/extracted/stop_times.txt,463946,EXCLUDED_GENERATED,NO,NO,EXCLUDED_FROM_GIT_PRESERVE_LOCALLY
02_Data_Engineering/GTFS_Lab/20_clientes_reales/FAMILY_B_SME_OPERATIONAL/011_autocorb/02_sources/gtfs_schedule/extracted/stops.txt,12095,EXCLUDED_GENERATED,NO,NO,EXCLUDED_FROM_GIT_PRESERVE_LOCALLY
02_Data_Engineering/GTFS_Lab/20_clientes_reales/FAMILY_B_SME_OPERATIONAL/011_autocorb/02_sources/gtfs_schedule/extracted/trips.txt,18295,EXCLUDED_GENERATED,NO,NO,EXCLUDED_FROM_GIT_PRESERVE_LOCALLY
02_Data_Engineering/GTFS_Lab/20_clientes_reales/FAMILY_B_SME_OPERATIONAL/011_autocorb/02_sources/gtfs_schedule/original/20260907_160010_BUS_Autocorb.zip,123548,EXCLUDED_GENERATED,NO,NO,EXCLUDED_FROM_GIT_PRESERVE_LOCALLY
02_Data_Engineering/GTFS_Lab/20_clientes_reales/FAMILY_B_SME_OPERATIONAL/011_autocorb/README.md,642,NORMAL,YES,NO,CANDIDATE_ONLY_ALL_STAGING_BLOCKED
02_Data_Engineering/GTFS_Lab/20_clientes_reales/FAMILY_B_SME_OPERATIONAL/012_costa/00_metadata/checksums.sha256,1792,NORMAL,YES,NO,CANDIDATE_ONLY_ALL_STAGING_BLOCKED
02_Data_Engineering/GTFS_Lab/20_clientes_reales/FAMILY_B_SME_OPERATIONAL/012_costa/00_metadata/inventory.json,1238,NORMAL,YES,NO,CANDIDATE_ONLY_ALL_STAGING_BLOCKED
02_Data_Engineering/GTFS_Lab/20_clientes_reales/FAMILY_B_SME_OPERATIONAL/012_costa/00_metadata/source_metadata.json,1773,NORMAL,YES,NO,CANDIDATE_ONLY_ALL_STAGING_BLOCKED
02_Data_Engineering/GTFS_Lab/20_clientes_reales/FAMILY_B_SME_OPERATIONAL/012_costa/01_nap_snapshot/costa.png,277541,NORMAL,YES,NO,CANDIDATE_ONLY_ALL_STAGING_BLOCKED
02_Data_Engineering/GTFS_Lab/20_clientes_reales/FAMILY_B_SME_OPERATIONAL/012_costa/02_sources/gtfs_schedule/extracted/agency.txt,167,EXCLUDED_GENERATED,NO,NO,EXCLUDED_FROM_GIT_PRESERVE_LOCALLY
02_Data_Engineering/GTFS_Lab/20_clientes_reales/FAMILY_B_SME_OPERATIONAL/012_costa/02_sources/gtfs_schedule/extracted/calendar.txt,1015,EXCLUDED_GENERATED,NO,NO,EXCLUDED_FROM_GIT_PRESERVE_LOCALLY
02_Data_Engineering/GTFS_Lab/20_clientes_reales/FAMILY_B_SME_OPERATIONAL/012_costa/02_sources/gtfs_schedule/extracted/calendar_dates.txt,27713,EXCLUDED_GENERATED,NO,NO,EXCLUDED_FROM_GIT_PRESERVE_LOCALLY
02_Data_Engineering/GTFS_Lab/20_clientes_reales/FAMILY_B_SME_OPERATIONAL/012_costa/02_sources/gtfs_schedule/extracted/fare_attributes.txt,80,EXCLUDED_GENERATED,NO,NO,EXCLUDED_FROM_GIT_PRESERVE_LOCALLY
02_Data_Engineering/GTFS_Lab/20_clientes_reales/FAMILY_B_SME_OPERATIONAL/012_costa/02_sources/gtfs_schedule/extracted/fare_rules.txt,41,EXCLUDED_GENERATED,NO,NO,EXCLUDED_FROM_GIT_PRESERVE_LOCALLY
02_Data_Engineering/GTFS_Lab/20_clientes_reales/FAMILY_B_SME_OPERATIONAL/012_costa/02_sources/gtfs_schedule/extracted/routes.txt,3719,EXCLUDED_GENERATED,NO,NO,EXCLUDED_FROM_GIT_PRESERVE_LOCALLY
02_Data_Engineering/GTFS_Lab/20_clientes_reales/FAMILY_B_SME_OPERATIONAL/012_costa/02_sources/gtfs_schedule/extracted/shapes.txt,57042,EXCLUDED_GENERATED,NO,NO,EXCLUDED_FROM_GIT_PRESERVE_LOCALLY
02_Data_Engineering/GTFS_Lab/20_clientes_reales/FAMILY_B_SME_OPERATIONAL/012_costa/02_sources/gtfs_schedule/extracted/stop_times.txt,210553,EXCLUDED_GENERATED,NO,NO,EXCLUDED_FROM_GIT_PRESERVE_LOCALLY
02_Data_Engineering/GTFS_Lab/20_clientes_reales/FAMILY_B_SME_OPERATIONAL/012_costa/02_sources/gtfs_schedule/extracted/stops.txt,25635,EXCLUDED_GENERATED,NO,NO,EXCLUDED_FROM_GIT_PRESERVE_LOCALLY
02_Data_Engineering/GTFS_Lab/20_clientes_reales/FAMILY_B_SME_OPERATIONAL/012_costa/02_sources/gtfs_schedule/extracted/trips.txt,21328,EXCLUDED_GENERATED,NO,NO,EXCLUDED_FROM_GIT_PRESERVE_LOCALLY
02_Data_Engineering/GTFS_Lab/20_clientes_reales/FAMILY_B_SME_OPERATIONAL/012_costa/02_sources/gtfs_schedule/original/20250630_160003_Autocares_Costa.zip,64016,EXCLUDED_GENERATED,NO,NO,EXCLUDED_FROM_GIT_PRESERVE_LOCALLY
02_Data_Engineering/GTFS_Lab/20_clientes_reales/FAMILY_B_SME_OPERATIONAL/012_costa/README.md,639,NORMAL,YES,NO,CANDIDATE_ONLY_ALL_STAGING_BLOCKED
02_Data_Engineering/GTFS_Lab/20_clientes_reales/FAMILY_C_COMPLEX_REGIONAL/013_lazara/00_metadata/checksums.sha256,1818,NORMAL,YES,NO,CANDIDATE_ONLY_ALL_STAGING_BLOCKED
02_Data_Engineering/GTFS_Lab/20_clientes_reales/FAMILY_C_COMPLEX_REGIONAL/013_lazara/00_metadata/inventory.json,1241,NORMAL,YES,NO,CANDIDATE_ONLY_ALL_STAGING_BLOCKED
02_Data_Engineering/GTFS_Lab/20_clientes_reales/FAMILY_C_COMPLEX_REGIONAL/013_lazara/00_metadata/source_metadata.json,1785,NORMAL,YES,NO,CANDIDATE_ONLY_ALL_STAGING_BLOCKED
02_Data_Engineering/GTFS_Lab/20_clientes_reales/FAMILY_C_COMPLEX_REGIONAL/013_lazara/01_nap_snapshot/lazara.png,358641,NORMAL,YES,NO,CANDIDATE_ONLY_ALL_STAGING_BLOCKED
02_Data_Engineering/GTFS_Lab/20_clientes_reales/FAMILY_C_COMPLEX_REGIONAL/013_lazara/02_sources/gtfs_schedule/extracted/agency.txt,175,EXCLUDED_GENERATED,NO,NO,EXCLUDED_FROM_GIT_PRESERVE_LOCALLY
02_Data_Engineering/GTFS_Lab/20_clientes_reales/FAMILY_C_COMPLEX_REGIONAL/013_lazara/02_sources/gtfs_schedule/extracted/calendar.txt,1839,EXCLUDED_GENERATED,NO,NO,EXCLUDED_FROM_GIT_PRESERVE_LOCALLY
02_Data_Engineering/GTFS_Lab/20_clientes_reales/FAMILY_C_COMPLEX_REGIONAL/013_lazara/02_sources/gtfs_schedule/extracted/calendar_dates.txt,57255,EXCLUDED_GENERATED,NO,NO,EXCLUDED_FROM_GIT_PRESERVE_LOCALLY
02_Data_Engineering/GTFS_Lab/20_clientes_reales/FAMILY_C_COMPLEX_REGIONAL/013_lazara/02_sources/gtfs_schedule/extracted/fare_attributes.txt,80,EXCLUDED_GENERATED,NO,NO,EXCLUDED_FROM_GIT_PRESERVE_LOCALLY
02_Data_Engineering/GTFS_Lab/20_clientes_reales/FAMILY_C_COMPLEX_REGIONAL/013_lazara/02_sources/gtfs_schedule/extracted/fare_rules.txt,41,EXCLUDED_GENERATED,NO,NO,EXCLUDED_FROM_GIT_PRESERVE_LOCALLY
02_Data_Engineering/GTFS_Lab/20_clientes_reales/FAMILY_C_COMPLEX_REGIONAL/013_lazara/02_sources/gtfs_schedule/extracted/routes.txt,9081,EXCLUDED_GENERATED,NO,NO,EXCLUDED_FROM_GIT_PRESERVE_LOCALLY
02_Data_Engineering/GTFS_Lab/20_clientes_reales/FAMILY_C_COMPLEX_REGIONAL/013_lazara/02_sources/gtfs_schedule/extracted/shapes.txt,182103,EXCLUDED_GENERATED,NO,NO,EXCLUDED_FROM_GIT_PRESERVE_LOCALLY
02_Data_Engineering/GTFS_Lab/20_clientes_reales/FAMILY_C_COMPLEX_REGIONAL/013_lazara/02_sources/gtfs_schedule/extracted/stop_times.txt,662772,EXCLUDED_GENERATED,NO,NO,EXCLUDED_FROM_GIT_PRESERVE_LOCALLY
02_Data_Engineering/GTFS_Lab/20_clientes_reales/FAMILY_C_COMPLEX_REGIONAL/013_lazara/02_sources/gtfs_schedule/extracted/stops.txt,76445,EXCLUDED_GENERATED,NO,NO,EXCLUDED_FROM_GIT_PRESERVE_LOCALLY
02_Data_Engineering/GTFS_Lab/20_clientes_reales/FAMILY_C_COMPLEX_REGIONAL/013_lazara/02_sources/gtfs_schedule/extracted/trips.txt,46206,EXCLUDED_GENERATED,NO,NO,EXCLUDED_FROM_GIT_PRESERVE_LOCALLY
02_Data_Engineering/GTFS_Lab/20_clientes_reales/FAMILY_C_COMPLEX_REGIONAL/013_lazara/02_sources/gtfs_schedule/original/20250529_100032_Autocares_Lazara.zip,189716,EXCLUDED_GENERATED,NO,NO,EXCLUDED_FROM_GIT_PRESERVE_LOCALLY
02_Data_Engineering/GTFS_Lab/20_clientes_reales/FAMILY_C_COMPLEX_REGIONAL/013_lazara/README.md,645,NORMAL,YES,NO,CANDIDATE_ONLY_ALL_STAGING_BLOCKED
02_Data_Engineering/GTFS_Lab/20_clientes_reales/FAMILY_C_COMPLEX_REGIONAL/014_gilsanz/00_metadata/checksums.sha256,1830,NORMAL,YES,NO,CANDIDATE_ONLY_ALL_STAGING_BLOCKED
02_Data_Engineering/GTFS_Lab/20_clientes_reales/FAMILY_C_COMPLEX_REGIONAL/014_gilsanz/00_metadata/inventory.json,1243,NORMAL,YES,NO,CANDIDATE_ONLY_ALL_STAGING_BLOCKED
02_Data_Engineering/GTFS_Lab/20_clientes_reales/FAMILY_C_COMPLEX_REGIONAL/014_gilsanz/00_metadata/source_metadata.json,1784,NORMAL,YES,NO,CANDIDATE_ONLY_ALL_STAGING_BLOCKED
02_Data_Engineering/GTFS_Lab/20_clientes_reales/FAMILY_C_COMPLEX_REGIONAL/014_gilsanz/01_nap_snapshot/Gilsanz.png,284661,NORMAL,YES,NO,CANDIDATE_ONLY_ALL_STAGING_BLOCKED
02_Data_Engineering/GTFS_Lab/20_clientes_reales/FAMILY_C_COMPLEX_REGIONAL/014_gilsanz/02_sources/gtfs_schedule/extracted/agency.txt,136,EXCLUDED_GENERATED,NO,NO,EXCLUDED_FROM_GIT_PRESERVE_LOCALLY
02_Data_Engineering/GTFS_Lab/20_clientes_reales/FAMILY_C_COMPLEX_REGIONAL/014_gilsanz/02_sources/gtfs_schedule/extracted/calendar.txt,3246,EXCLUDED_GENERATED,NO,NO,EXCLUDED_FROM_GIT_PRESERVE_LOCALLY
02_Data_Engineering/GTFS_Lab/20_clientes_reales/FAMILY_C_COMPLEX_REGIONAL/014_gilsanz/02_sources/gtfs_schedule/extracted/calendar_dates.txt,83077,EXCLUDED_GENERATED,NO,NO,EXCLUDED_FROM_GIT_PRESERVE_LOCALLY
02_Data_Engineering/GTFS_Lab/20_clientes_reales/FAMILY_C_COMPLEX_REGIONAL/014_gilsanz/02_sources/gtfs_schedule/extracted/fare_attributes.txt,80,EXCLUDED_GENERATED,NO,NO,EXCLUDED_FROM_GIT_PRESERVE_LOCALLY
02_Data_Engineering/GTFS_Lab/20_clientes_reales/FAMILY_C_COMPLEX_REGIONAL/014_gilsanz/02_sources/gtfs_schedule/extracted/fare_rules.txt,41,EXCLUDED_GENERATED,NO,NO,EXCLUDED_FROM_GIT_PRESERVE_LOCALLY
02_Data_Engineering/GTFS_Lab/20_clientes_reales/FAMILY_C_COMPLEX_REGIONAL/014_gilsanz/02_sources/gtfs_schedule/extracted/routes.txt,10042,EXCLUDED_GENERATED,NO,NO,EXCLUDED_FROM_GIT_PRESERVE_LOCALLY
02_Data_Engineering/GTFS_Lab/20_clientes_reales/FAMILY_C_COMPLEX_REGIONAL/014_gilsanz/02_sources/gtfs_schedule/extracted/shapes.txt,188646,EXCLUDED_GENERATED,NO,NO,EXCLUDED_FROM_GIT_PRESERVE_LOCALLY
02_Data_Engineering/GTFS_Lab/20_clientes_reales/FAMILY_C_COMPLEX_REGIONAL/014_gilsanz/02_sources/gtfs_schedule/extracted/stop_times.txt,916412,EXCLUDED_GENERATED,NO,NO,EXCLUDED_FROM_GIT_PRESERVE_LOCALLY
02_Data_Engineering/GTFS_Lab/20_clientes_reales/FAMILY_C_COMPLEX_REGIONAL/014_gilsanz/02_sources/gtfs_schedule/extracted/stops.txt,72724,EXCLUDED_GENERATED,NO,NO,EXCLUDED_FROM_GIT_PRESERVE_LOCALLY
02_Data_Engineering/GTFS_Lab/20_clientes_reales/FAMILY_C_COMPLEX_REGIONAL/014_gilsanz/02_sources/gtfs_schedule/extracted/trips.txt,65221,EXCLUDED_GENERATED,NO,NO,EXCLUDED_FROM_GIT_PRESERVE_LOCALLY
02_Data_Engineering/GTFS_Lab/20_clientes_reales/FAMILY_C_COMPLEX_REGIONAL/014_gilsanz/02_sources/gtfs_schedule/original/20260527_110752_Empresa_Gilsanz.zip,224361,EXCLUDED_GENERATED,NO,NO,EXCLUDED_FROM_GIT_PRESERVE_LOCALLY
02_Data_Engineering/GTFS_Lab/20_clientes_reales/FAMILY_C_COMPLEX_REGIONAL/014_gilsanz/03_gtfs_explorer/README.md,369,NORMAL,YES,NO,CANDIDATE_ONLY_ALL_STAGING_BLOCKED
02_Data_Engineering/GTFS_Lab/20_clientes_reales/FAMILY_C_COMPLEX_REGIONAL/014_gilsanz/03_gtfs_explorer/parsed_rule_summary.csv,244,NORMAL,YES,NO,CANDIDATE_ONLY_ALL_STAGING_BLOCKED
02_Data_Engineering/GTFS_Lab/20_clientes_reales/FAMILY_C_COMPLEX_REGIONAL/014_gilsanz/03_gtfs_explorer/run_001/Captura de pantalla 2026-09-22 200511.png,79196,NORMAL,YES,NO,CANDIDATE_ONLY_ALL_STAGING_BLOCKED
02_Data_Engineering/GTFS_Lab/20_clientes_reales/FAMILY_C_COMPLEX_REGIONAL/014_gilsanz/03_gtfs_explorer/run_001/data.duckdb.editor-pre-migration.bak,2895872,EXCLUDED_GENERATED,NO,NO,EXCLUDED_FROM_GIT_PRESERVE_LOCALLY
02_Data_Engineering/GTFS_Lab/20_clientes_reales/FAMILY_C_COMPLEX_REGIONAL/014_gilsanz/03_gtfs_explorer/run_001/gtfs-export-route-009632-009633-009634-009635-009636-009637-009638-009640-009641-009642-009643-009644-009645-009646-009647-009-726d1dfe.json,4802682,NORMAL,YES,NO,CANDIDATE_ONLY_ALL_STAGING_BLOCKED
02_Data_Engineering/GTFS_Lab/20_clientes_reales/FAMILY_C_COMPLEX_REGIONAL/014_gilsanz/03_gtfs_explorer/run_001/gtfs-export-route-009632-009633-009634-009635-009636-009637-009638-009640-009641-009642-009643-009644-009645-009646-009647-009-726d1dfe.json.manifest.json,284,NORMAL,YES,NO,CANDIDATE_ONLY_ALL_STAGING_BLOCKED
02_Data_Engineering/GTFS_Lab/20_clientes_reales/FAMILY_C_COMPLEX_REGIONAL/014_gilsanz/03_gtfs_explorer/run_001/informe-validacion.html,1887,NORMAL,YES,NO,CANDIDATE_ONLY_ALL_STAGING_BLOCKED
02_Data_Engineering/GTFS_Lab/20_clientes_reales/FAMILY_C_COMPLEX_REGIONAL/014_gilsanz/03_gtfs_explorer/run_001/informe-validacion.html.manifest.json,164,NORMAL,YES,NO,CANDIDATE_ONLY_ALL_STAGING_BLOCKED
02_Data_Engineering/GTFS_Lab/20_clientes_reales/FAMILY_C_COMPLEX_REGIONAL/014_gilsanz/03_gtfs_explorer/run_001/project.json,380,NORMAL,YES,NO,CANDIDATE_ONLY_ALL_STAGING_BLOCKED
02_Data_Engineering/GTFS_Lab/20_clientes_reales/FAMILY_C_COMPLEX_REGIONAL/014_gilsanz/04_audit/pilot_01/nap_vs_source.md,639,NORMAL,YES,NO,CANDIDATE_ONLY_ALL_STAGING_BLOCKED
02_Data_Engineering/GTFS_Lab/20_clientes_reales/FAMILY_C_COMPLEX_REGIONAL/014_gilsanz/04_audit/pilot_01/source_census.json,10372,NORMAL,YES,NO,CANDIDATE_ONLY_ALL_STAGING_BLOCKED
02_Data_Engineering/GTFS_Lab/20_clientes_reales/FAMILY_C_COMPLEX_REGIONAL/014_gilsanz/04_audit/pilot_01/source_census.md,2877,NORMAL,YES,NO,CANDIDATE_ONLY_ALL_STAGING_BLOCKED
02_Data_Engineering/GTFS_Lab/20_clientes_reales/FAMILY_C_COMPLEX_REGIONAL/014_gilsanz/README.md,641,NORMAL,YES,NO,CANDIDATE_ONLY_ALL_STAGING_BLOCKED
02_Data_Engineering/GTFS_Lab/20_clientes_reales/FAMILY_C_COMPLEX_REGIONAL/015_rias_baixas/00_metadata/checksums.sha256,1886,NORMAL,YES,NO,CANDIDATE_ONLY_ALL_STAGING_BLOCKED
02_Data_Engineering/GTFS_Lab/20_clientes_reales/FAMILY_C_COMPLEX_REGIONAL/015_rias_baixas/00_metadata/inventory.json,1251,NORMAL,YES,NO,CANDIDATE_ONLY_ALL_STAGING_BLOCKED
02_Data_Engineering/GTFS_Lab/20_clientes_reales/FAMILY_C_COMPLEX_REGIONAL/015_rias_baixas/00_metadata/source_metadata.json,1813,NORMAL,YES,NO,CANDIDATE_ONLY_ALL_STAGING_BLOCKED
02_Data_Engineering/GTFS_Lab/20_clientes_reales/FAMILY_C_COMPLEX_REGIONAL/015_rias_baixas/01_nap_snapshot/Rias baixas.png,368261,NORMAL,YES,NO,CANDIDATE_ONLY_ALL_STAGING_BLOCKED
02_Data_Engineering/GTFS_Lab/20_clientes_reales/FAMILY_C_COMPLEX_REGIONAL/015_rias_baixas/02_sources/gtfs_schedule/extracted/agency.txt,253,EXCLUDED_GENERATED,NO,NO,EXCLUDED_FROM_GIT_PRESERVE_LOCALLY
02_Data_Engineering/GTFS_Lab/20_clientes_reales/FAMILY_C_COMPLEX_REGIONAL/015_rias_baixas/02_sources/gtfs_schedule/extracted/calendar.txt,3455,EXCLUDED_GENERATED,NO,NO,EXCLUDED_FROM_GIT_PRESERVE_LOCALLY
02_Data_Engineering/GTFS_Lab/20_clientes_reales/FAMILY_C_COMPLEX_REGIONAL/015_rias_baixas/02_sources/gtfs_schedule/extracted/calendar_dates.txt,109868,EXCLUDED_GENERATED,NO,NO,EXCLUDED_FROM_GIT_PRESERVE_LOCALLY
02_Data_Engineering/GTFS_Lab/20_clientes_reales/FAMILY_C_COMPLEX_REGIONAL/015_rias_baixas/02_sources/gtfs_schedule/extracted/fare_attributes.txt,80,EXCLUDED_GENERATED,NO,NO,EXCLUDED_FROM_GIT_PRESERVE_LOCALLY
02_Data_Engineering/GTFS_Lab/20_clientes_reales/FAMILY_C_COMPLEX_REGIONAL/015_rias_baixas/02_sources/gtfs_schedule/extracted/fare_rules.txt,41,EXCLUDED_GENERATED,NO,NO,EXCLUDED_FROM_GIT_PRESERVE_LOCALLY
02_Data_Engineering/GTFS_Lab/20_clientes_reales/FAMILY_C_COMPLEX_REGIONAL/015_rias_baixas/02_sources/gtfs_schedule/extracted/routes.txt,20069,EXCLUDED_GENERATED,NO,NO,EXCLUDED_FROM_GIT_PRESERVE_LOCALLY
02_Data_Engineering/GTFS_Lab/20_clientes_reales/FAMILY_C_COMPLEX_REGIONAL/015_rias_baixas/02_sources/gtfs_schedule/extracted/shapes.txt,325770,EXCLUDED_GENERATED,NO,NO,EXCLUDED_FROM_GIT_PRESERVE_LOCALLY
02_Data_Engineering/GTFS_Lab/20_clientes_reales/FAMILY_C_COMPLEX_REGIONAL/015_rias_baixas/02_sources/gtfs_schedule/extracted/stop_times.txt,1895477,EXCLUDED_GENERATED,NO,NO,EXCLUDED_FROM_GIT_PRESERVE_LOCALLY
02_Data_Engineering/GTFS_Lab/20_clientes_reales/FAMILY_C_COMPLEX_REGIONAL/015_rias_baixas/02_sources/gtfs_schedule/extracted/stops.txt,148280,EXCLUDED_GENERATED,NO,NO,EXCLUDED_FROM_GIT_PRESERVE_LOCALLY
02_Data_Engineering/GTFS_Lab/20_clientes_reales/FAMILY_C_COMPLEX_REGIONAL/015_rias_baixas/02_sources/gtfs_schedule/extracted/trips.txt,139981,EXCLUDED_GENERATED,NO,NO,EXCLUDED_FROM_GIT_PRESERVE_LOCALLY
02_Data_Engineering/GTFS_Lab/20_clientes_reales/FAMILY_C_COMPLEX_REGIONAL/015_rias_baixas/02_sources/gtfs_schedule/original/20260916_100037_Autobus_Rias_Baixas.zip,443076,EXCLUDED_GENERATED,NO,NO,EXCLUDED_FROM_GIT_PRESERVE_LOCALLY
02_Data_Engineering/GTFS_Lab/20_clientes_reales/FAMILY_C_COMPLEX_REGIONAL/015_rias_baixas/README.md,658,NORMAL,YES,NO,CANDIDATE_ONLY_ALL_STAGING_BLOCKED
02_Data_Engineering/GTFS_Lab/20_clientes_reales/FAMILY_D_MATURE_BENCHMARK/016_alu/00_metadata/checksums.sha256,2079,NORMAL,YES,NO,CANDIDATE_ONLY_ALL_STAGING_BLOCKED
02_Data_Engineering/GTFS_Lab/20_clientes_reales/FAMILY_D_MATURE_BENCHMARK/016_alu/00_metadata/inventory.json,1353,NORMAL,YES,NO,CANDIDATE_ONLY_ALL_STAGING_BLOCKED
02_Data_Engineering/GTFS_Lab/20_clientes_reales/FAMILY_D_MATURE_BENCHMARK/016_alu/00_metadata/source_metadata.json,1786,NORMAL,YES,NO,CANDIDATE_ONLY_ALL_STAGING_BLOCKED
02_Data_Engineering/GTFS_Lab/20_clientes_reales/FAMILY_D_MATURE_BENCHMARK/016_alu/01_nap_snapshot/La Union.png,314587,NORMAL,YES,NO,CANDIDATE_ONLY_ALL_STAGING_BLOCKED
02_Data_Engineering/GTFS_Lab/20_clientes_reales/FAMILY_D_MATURE_BENCHMARK/016_alu/02_sources/gtfs_schedule/extracted/agency.txt,276,EXCLUDED_GENERATED,NO,NO,EXCLUDED_FROM_GIT_PRESERVE_LOCALLY
02_Data_Engineering/GTFS_Lab/20_clientes_reales/FAMILY_D_MATURE_BENCHMARK/016_alu/02_sources/gtfs_schedule/extracted/calendar.txt,9823,EXCLUDED_GENERATED,NO,NO,EXCLUDED_FROM_GIT_PRESERVE_LOCALLY
02_Data_Engineering/GTFS_Lab/20_clientes_reales/FAMILY_D_MATURE_BENCHMARK/016_alu/02_sources/gtfs_schedule/extracted/calendar_dates.txt,617,EXCLUDED_GENERATED,NO,NO,EXCLUDED_FROM_GIT_PRESERVE_LOCALLY
02_Data_Engineering/GTFS_Lab/20_clientes_reales/FAMILY_D_MATURE_BENCHMARK/016_alu/02_sources/gtfs_schedule/extracted/fare_attributes.txt,24875,EXCLUDED_GENERATED,NO,NO,EXCLUDED_FROM_GIT_PRESERVE_LOCALLY
02_Data_Engineering/GTFS_Lab/20_clientes_reales/FAMILY_D_MATURE_BENCHMARK/016_alu/02_sources/gtfs_schedule/extracted/fare_rules.txt,42617,EXCLUDED_GENERATED,NO,NO,EXCLUDED_FROM_GIT_PRESERVE_LOCALLY
02_Data_Engineering/GTFS_Lab/20_clientes_reales/FAMILY_D_MATURE_BENCHMARK/016_alu/02_sources/gtfs_schedule/extracted/feed_info.txt,116,EXCLUDED_GENERATED,NO,NO,EXCLUDED_FROM_GIT_PRESERVE_LOCALLY
02_Data_Engineering/GTFS_Lab/20_clientes_reales/FAMILY_D_MATURE_BENCHMARK/016_alu/02_sources/gtfs_schedule/extracted/levels.txt,33,EXCLUDED_GENERATED,NO,NO,EXCLUDED_FROM_GIT_PRESERVE_LOCALLY
02_Data_Engineering/GTFS_Lab/20_clientes_reales/FAMILY_D_MATURE_BENCHMARK/016_alu/02_sources/gtfs_schedule/extracted/routes.txt,962,EXCLUDED_GENERATED,NO,NO,EXCLUDED_FROM_GIT_PRESERVE_LOCALLY
02_Data_Engineering/GTFS_Lab/20_clientes_reales/FAMILY_D_MATURE_BENCHMARK/016_alu/02_sources/gtfs_schedule/extracted/shapes.txt,46784,EXCLUDED_GENERATED,NO,NO,EXCLUDED_FROM_GIT_PRESERVE_LOCALLY
02_Data_Engineering/GTFS_Lab/20_clientes_reales/FAMILY_D_MATURE_BENCHMARK/016_alu/02_sources/gtfs_schedule/extracted/stop_times.txt,50528,EXCLUDED_GENERATED,NO,NO,EXCLUDED_FROM_GIT_PRESERVE_LOCALLY
02_Data_Engineering/GTFS_Lab/20_clientes_reales/FAMILY_D_MATURE_BENCHMARK/016_alu/02_sources/gtfs_schedule/extracted/stops.txt,7086,EXCLUDED_GENERATED,NO,NO,EXCLUDED_FROM_GIT_PRESERVE_LOCALLY
02_Data_Engineering/GTFS_Lab/20_clientes_reales/FAMILY_D_MATURE_BENCHMARK/016_alu/02_sources/gtfs_schedule/extracted/trips.txt,13063,EXCLUDED_GENERATED,NO,NO,EXCLUDED_FROM_GIT_PRESERVE_LOCALLY
02_Data_Engineering/GTFS_Lab/20_clientes_reales/FAMILY_D_MATURE_BENCHMARK/016_alu/02_sources/gtfs_schedule/original/20260922_060136_Euskadi_La_Union.zip,31517,EXCLUDED_GENERATED,NO,NO,EXCLUDED_FROM_GIT_PRESERVE_LOCALLY
02_Data_Engineering/GTFS_Lab/20_clientes_reales/FAMILY_D_MATURE_BENCHMARK/016_alu/README.md,655,NORMAL,YES,NO,CANDIDATE_ONLY_ALL_STAGING_BLOCKED
02_Data_Engineering/GTFS_Lab/20_clientes_reales/FAMILY_D_MATURE_BENCHMARK/017_tuvisa/00_metadata/checksums.sha256,2127,NORMAL,YES,NO,CANDIDATE_ONLY_ALL_STAGING_BLOCKED
02_Data_Engineering/GTFS_Lab/20_clientes_reales/FAMILY_D_MATURE_BENCHMARK/017_tuvisa/00_metadata/inventory.json,1364,NORMAL,YES,NO,CANDIDATE_ONLY_ALL_STAGING_BLOCKED
02_Data_Engineering/GTFS_Lab/20_clientes_reales/FAMILY_D_MATURE_BENCHMARK/017_tuvisa/00_metadata/source_metadata.json,1770,NORMAL,YES,NO,CANDIDATE_ONLY_ALL_STAGING_BLOCKED
02_Data_Engineering/GTFS_Lab/20_clientes_reales/FAMILY_D_MATURE_BENCHMARK/017_tuvisa/01_nap_snapshot/Tuvisa.png,328226,NORMAL,YES,NO,CANDIDATE_ONLY_ALL_STAGING_BLOCKED
02_Data_Engineering/GTFS_Lab/20_clientes_reales/FAMILY_D_MATURE_BENCHMARK/017_tuvisa/02_sources/gtfs_schedule/extracted/agency.txt,200,EXCLUDED_GENERATED,NO,NO,EXCLUDED_FROM_GIT_PRESERVE_LOCALLY
02_Data_Engineering/GTFS_Lab/20_clientes_reales/FAMILY_D_MATURE_BENCHMARK/017_tuvisa/02_sources/gtfs_schedule/extracted/attributions.txt,3335,EXCLUDED_GENERATED,NO,NO,EXCLUDED_FROM_GIT_PRESERVE_LOCALLY
02_Data_Engineering/GTFS_Lab/20_clientes_reales/FAMILY_D_MATURE_BENCHMARK/017_tuvisa/02_sources/gtfs_schedule/extracted/calendar_dates.txt,3093,EXCLUDED_GENERATED,NO,NO,EXCLUDED_FROM_GIT_PRESERVE_LOCALLY
02_Data_Engineering/GTFS_Lab/20_clientes_reales/FAMILY_D_MATURE_BENCHMARK/017_tuvisa/02_sources/gtfs_schedule/extracted/fare_attributes.txt,153,EXCLUDED_GENERATED,NO,NO,EXCLUDED_FROM_GIT_PRESERVE_LOCALLY
02_Data_Engineering/GTFS_Lab/20_clientes_reales/FAMILY_D_MATURE_BENCHMARK/017_tuvisa/02_sources/gtfs_schedule/extracted/fare_rules.txt,136,EXCLUDED_GENERATED,NO,NO,EXCLUDED_FROM_GIT_PRESERVE_LOCALLY
02_Data_Engineering/GTFS_Lab/20_clientes_reales/FAMILY_D_MATURE_BENCHMARK/017_tuvisa/02_sources/gtfs_schedule/extracted/feed_info.txt,281,EXCLUDED_GENERATED,NO,NO,EXCLUDED_FROM_GIT_PRESERVE_LOCALLY
02_Data_Engineering/GTFS_Lab/20_clientes_reales/FAMILY_D_MATURE_BENCHMARK/017_tuvisa/02_sources/gtfs_schedule/extracted/routes.txt,2221,EXCLUDED_GENERATED,NO,NO,EXCLUDED_FROM_GIT_PRESERVE_LOCALLY
02_Data_Engineering/GTFS_Lab/20_clientes_reales/FAMILY_D_MATURE_BENCHMARK/017_tuvisa/02_sources/gtfs_schedule/extracted/shapes.txt,1048481,EXCLUDED_GENERATED,NO,NO,EXCLUDED_FROM_GIT_PRESERVE_LOCALLY
02_Data_Engineering/GTFS_Lab/20_clientes_reales/FAMILY_D_MATURE_BENCHMARK/017_tuvisa/02_sources/gtfs_schedule/extracted/stop_times.txt,3832520,EXCLUDED_GENERATED,NO,NO,EXCLUDED_FROM_GIT_PRESERVE_LOCALLY
02_Data_Engineering/GTFS_Lab/20_clientes_reales/FAMILY_D_MATURE_BENCHMARK/017_tuvisa/02_sources/gtfs_schedule/extracted/stops.txt,25899,EXCLUDED_GENERATED,NO,NO,EXCLUDED_FROM_GIT_PRESERVE_LOCALLY
02_Data_Engineering/GTFS_Lab/20_clientes_reales/FAMILY_D_MATURE_BENCHMARK/017_tuvisa/02_sources/gtfs_schedule/extracted/translations.txt,36226,EXCLUDED_GENERATED,NO,NO,EXCLUDED_FROM_GIT_PRESERVE_LOCALLY
02_Data_Engineering/GTFS_Lab/20_clientes_reales/FAMILY_D_MATURE_BENCHMARK/017_tuvisa/02_sources/gtfs_schedule/extracted/trips.txt,329269,EXCLUDED_GENERATED,NO,NO,EXCLUDED_FROM_GIT_PRESERVE_LOCALLY
02_Data_Engineering/GTFS_Lab/20_clientes_reales/FAMILY_D_MATURE_BENCHMARK/017_tuvisa/02_sources/gtfs_schedule/original/20260922_060014_Euskadi_Tuvisa.zip,1014865,EXCLUDED_GENERATED,NO,NO,EXCLUDED_FROM_GIT_PRESERVE_LOCALLY
02_Data_Engineering/GTFS_Lab/20_clientes_reales/FAMILY_D_MATURE_BENCHMARK/017_tuvisa/README.md,630,NORMAL,YES,NO,CANDIDATE_ONLY_ALL_STAGING_BLOCKED
02_Data_Engineering/GTFS_Lab/20_clientes_reales/FAMILY_D_MATURE_BENCHMARK/018_bilbobus/00_metadata/checksums.sha256,2149,NORMAL,YES,NO,CANDIDATE_ONLY_ALL_STAGING_BLOCKED
02_Data_Engineering/GTFS_Lab/20_clientes_reales/FAMILY_D_MATURE_BENCHMARK/018_bilbobus/00_metadata/inventory.json,1358,NORMAL,YES,NO,CANDIDATE_ONLY_ALL_STAGING_BLOCKED
02_Data_Engineering/GTFS_Lab/20_clientes_reales/FAMILY_D_MATURE_BENCHMARK/018_bilbobus/00_metadata/source_metadata.json,1782,NORMAL,YES,NO,CANDIDATE_ONLY_ALL_STAGING_BLOCKED
02_Data_Engineering/GTFS_Lab/20_clientes_reales/FAMILY_D_MATURE_BENCHMARK/018_bilbobus/01_nap_snapshot/bilbobus.png,362623,NORMAL,YES,NO,CANDIDATE_ONLY_ALL_STAGING_BLOCKED
02_Data_Engineering/GTFS_Lab/20_clientes_reales/FAMILY_D_MATURE_BENCHMARK/018_bilbobus/02_sources/gtfs_schedule/extracted/agency.txt,228,EXCLUDED_GENERATED,NO,NO,EXCLUDED_FROM_GIT_PRESERVE_LOCALLY
02_Data_Engineering/GTFS_Lab/20_clientes_reales/FAMILY_D_MATURE_BENCHMARK/018_bilbobus/02_sources/gtfs_schedule/extracted/calendar.txt,512,EXCLUDED_GENERATED,NO,NO,EXCLUDED_FROM_GIT_PRESERVE_LOCALLY
02_Data_Engineering/GTFS_Lab/20_clientes_reales/FAMILY_D_MATURE_BENCHMARK/018_bilbobus/02_sources/gtfs_schedule/extracted/calendar_dates.txt,445,EXCLUDED_GENERATED,NO,NO,EXCLUDED_FROM_GIT_PRESERVE_LOCALLY
02_Data_Engineering/GTFS_Lab/20_clientes_reales/FAMILY_D_MATURE_BENCHMARK/018_bilbobus/02_sources/gtfs_schedule/extracted/fare_attributes.txt,412,EXCLUDED_GENERATED,NO,NO,EXCLUDED_FROM_GIT_PRESERVE_LOCALLY
02_Data_Engineering/GTFS_Lab/20_clientes_reales/FAMILY_D_MATURE_BENCHMARK/018_bilbobus/02_sources/gtfs_schedule/extracted/fare_rules.txt,47,EXCLUDED_GENERATED,NO,NO,EXCLUDED_FROM_GIT_PRESERVE_LOCALLY
02_Data_Engineering/GTFS_Lab/20_clientes_reales/FAMILY_D_MATURE_BENCHMARK/018_bilbobus/02_sources/gtfs_schedule/extracted/feed_info.txt,287,EXCLUDED_GENERATED,NO,NO,EXCLUDED_FROM_GIT_PRESERVE_LOCALLY
02_Data_Engineering/GTFS_Lab/20_clientes_reales/FAMILY_D_MATURE_BENCHMARK/018_bilbobus/02_sources/gtfs_schedule/extracted/levels.txt,42,EXCLUDED_GENERATED,NO,NO,EXCLUDED_FROM_GIT_PRESERVE_LOCALLY
02_Data_Engineering/GTFS_Lab/20_clientes_reales/FAMILY_D_MATURE_BENCHMARK/018_bilbobus/02_sources/gtfs_schedule/extracted/routes.txt,6781,EXCLUDED_GENERATED,NO,NO,EXCLUDED_FROM_GIT_PRESERVE_LOCALLY
02_Data_Engineering/GTFS_Lab/20_clientes_reales/FAMILY_D_MATURE_BENCHMARK/018_bilbobus/02_sources/gtfs_schedule/extracted/shapes.txt,3464962,EXCLUDED_GENERATED,NO,NO,EXCLUDED_FROM_GIT_PRESERVE_LOCALLY
02_Data_Engineering/GTFS_Lab/20_clientes_reales/FAMILY_D_MATURE_BENCHMARK/018_bilbobus/02_sources/gtfs_schedule/extracted/stop_times.txt,11068499,EXCLUDED_GENERATED,NO,NO,EXCLUDED_FROM_GIT_PRESERVE_LOCALLY
02_Data_Engineering/GTFS_Lab/20_clientes_reales/FAMILY_D_MATURE_BENCHMARK/018_bilbobus/02_sources/gtfs_schedule/extracted/stops.txt,39309,EXCLUDED_GENERATED,NO,NO,EXCLUDED_FROM_GIT_PRESERVE_LOCALLY
02_Data_Engineering/GTFS_Lab/20_clientes_reales/FAMILY_D_MATURE_BENCHMARK/018_bilbobus/02_sources/gtfs_schedule/extracted/trips.txt,833847,EXCLUDED_GENERATED,NO,NO,EXCLUDED_FROM_GIT_PRESERVE_LOCALLY
02_Data_Engineering/GTFS_Lab/20_clientes_reales/FAMILY_D_MATURE_BENCHMARK/018_bilbobus/02_sources/gtfs_schedule/original/20260922_060003_Euskadi_Bilbobus.zip,2959893,EXCLUDED_GENERATED,NO,NO,EXCLUDED_FROM_GIT_PRESERVE_LOCALLY
02_Data_Engineering/GTFS_Lab/20_clientes_reales/FAMILY_D_MATURE_BENCHMARK/018_bilbobus/README.md,636,NORMAL,YES,NO,CANDIDATE_ONLY_ALL_STAGING_BLOCKED
02_Data_Engineering/GTFS_Lab/20_clientes_reales/FAMILY_D_MATURE_BENCHMARK/019_bizkaibus/00_metadata/checksums.sha256,2165,NORMAL,YES,NO,CANDIDATE_ONLY_ALL_STAGING_BLOCKED
02_Data_Engineering/GTFS_Lab/20_clientes_reales/FAMILY_D_MATURE_BENCHMARK/019_bizkaibus/00_metadata/inventory.json,1360,NORMAL,YES,NO,CANDIDATE_ONLY_ALL_STAGING_BLOCKED
02_Data_Engineering/GTFS_Lab/20_clientes_reales/FAMILY_D_MATURE_BENCHMARK/019_bizkaibus/00_metadata/source_metadata.json,1788,NORMAL,YES,NO,CANDIDATE_ONLY_ALL_STAGING_BLOCKED
02_Data_Engineering/GTFS_Lab/20_clientes_reales/FAMILY_D_MATURE_BENCHMARK/019_bizkaibus/01_nap_snapshot/bizkaibus.png,278098,NORMAL,YES,NO,CANDIDATE_ONLY_ALL_STAGING_BLOCKED
02_Data_Engineering/GTFS_Lab/20_clientes_reales/FAMILY_D_MATURE_BENCHMARK/019_bizkaibus/02_sources/gtfs_schedule/extracted/agency.txt,262,EXCLUDED_GENERATED,NO,NO,EXCLUDED_FROM_GIT_PRESERVE_LOCALLY
02_Data_Engineering/GTFS_Lab/20_clientes_reales/FAMILY_D_MATURE_BENCHMARK/019_bizkaibus/02_sources/gtfs_schedule/extracted/calendar.txt,2010,EXCLUDED_GENERATED,NO,NO,EXCLUDED_FROM_GIT_PRESERVE_LOCALLY
02_Data_Engineering/GTFS_Lab/20_clientes_reales/FAMILY_D_MATURE_BENCHMARK/019_bizkaibus/02_sources/gtfs_schedule/extracted/calendar_dates.txt,9137,EXCLUDED_GENERATED,NO,NO,EXCLUDED_FROM_GIT_PRESERVE_LOCALLY
02_Data_Engineering/GTFS_Lab/20_clientes_reales/FAMILY_D_MATURE_BENCHMARK/019_bizkaibus/02_sources/gtfs_schedule/extracted/fare_attributes.txt,974,EXCLUDED_GENERATED,NO,NO,EXCLUDED_FROM_GIT_PRESERVE_LOCALLY
02_Data_Engineering/GTFS_Lab/20_clientes_reales/FAMILY_D_MATURE_BENCHMARK/019_bizkaibus/02_sources/gtfs_schedule/extracted/fare_rules.txt,16292,EXCLUDED_GENERATED,NO,NO,EXCLUDED_FROM_GIT_PRESERVE_LOCALLY
02_Data_Engineering/GTFS_Lab/20_clientes_reales/FAMILY_D_MATURE_BENCHMARK/019_bizkaibus/02_sources/gtfs_schedule/extracted/feed_info.txt,278,EXCLUDED_GENERATED,NO,NO,EXCLUDED_FROM_GIT_PRESERVE_LOCALLY
02_Data_Engineering/GTFS_Lab/20_clientes_reales/FAMILY_D_MATURE_BENCHMARK/019_bizkaibus/02_sources/gtfs_schedule/extracted/levels.txt,128,EXCLUDED_GENERATED,NO,NO,EXCLUDED_FROM_GIT_PRESERVE_LOCALLY
02_Data_Engineering/GTFS_Lab/20_clientes_reales/FAMILY_D_MATURE_BENCHMARK/019_bizkaibus/02_sources/gtfs_schedule/extracted/routes.txt,19317,EXCLUDED_GENERATED,NO,NO,EXCLUDED_FROM_GIT_PRESERVE_LOCALLY
02_Data_Engineering/GTFS_Lab/20_clientes_reales/FAMILY_D_MATURE_BENCHMARK/019_bizkaibus/02_sources/gtfs_schedule/extracted/shapes.txt,39515161,EXCLUDED_GENERATED,NO,NO,EXCLUDED_FROM_GIT_PRESERVE_LOCALLY
02_Data_Engineering/GTFS_Lab/20_clientes_reales/FAMILY_D_MATURE_BENCHMARK/019_bizkaibus/02_sources/gtfs_schedule/extracted/stop_times.txt,52049844,EXCLUDED_GENERATED,NO,NO,EXCLUDED_FROM_GIT_PRESERVE_LOCALLY
02_Data_Engineering/GTFS_Lab/20_clientes_reales/FAMILY_D_MATURE_BENCHMARK/019_bizkaibus/02_sources/gtfs_schedule/extracted/stops.txt,228936,EXCLUDED_GENERATED,NO,NO,EXCLUDED_FROM_GIT_PRESERVE_LOCALLY
02_Data_Engineering/GTFS_Lab/20_clientes_reales/FAMILY_D_MATURE_BENCHMARK/019_bizkaibus/02_sources/gtfs_schedule/extracted/trips.txt,2130473,EXCLUDED_GENERATED,NO,NO,EXCLUDED_FROM_GIT_PRESERVE_LOCALLY
02_Data_Engineering/GTFS_Lab/20_clientes_reales/FAMILY_D_MATURE_BENCHMARK/019_bizkaibus/02_sources/gtfs_schedule/original/20260910_060014_Euskadi_Bizkaibus.zip,18245454,EXCLUDED_GENERATED,NO,NO,EXCLUDED_FROM_GIT_PRESERVE_LOCALLY
02_Data_Engineering/GTFS_Lab/20_clientes_reales/FAMILY_D_MATURE_BENCHMARK/019_bizkaibus/03_gtfs_explorer/Bizkaibus_RC002_Canonical/Error de importacion.png,90415,NORMAL,YES,NO,CANDIDATE_ONLY_ALL_STAGING_BLOCKED
02_Data_Engineering/GTFS_Lab/20_clientes_reales/FAMILY_D_MATURE_BENCHMARK/019_bizkaibus/03_gtfs_explorer/Bizkaibus_RC002_Canonical/data.duckdb.editor-pre-migration.bak,2895872,EXCLUDED_GENERATED,NO,NO,EXCLUDED_FROM_GIT_PRESERVE_LOCALLY
02_Data_Engineering/GTFS_Lab/20_clientes_reales/FAMILY_D_MATURE_BENCHMARK/019_bizkaibus/03_gtfs_explorer/Bizkaibus_RC002_Canonical/project.json,398,NORMAL,YES,NO,CANDIDATE_ONLY_ALL_STAGING_BLOCKED
02_Data_Engineering/GTFS_Lab/20_clientes_reales/FAMILY_D_MATURE_BENCHMARK/019_bizkaibus/03_gtfs_explorer/Bizkaibus_RC002_Canonical/rc002_launch_provenance.txt,276,NORMAL,YES,NO,CANDIDATE_ONLY_ALL_STAGING_BLOCKED
02_Data_Engineering/GTFS_Lab/20_clientes_reales/FAMILY_D_MATURE_BENCHMARK/019_bizkaibus/03_gtfs_explorer/README.md,2055,NORMAL,YES,NO,CANDIDATE_ONLY_ALL_STAGING_BLOCKED
02_Data_Engineering/GTFS_Lab/20_clientes_reales/FAMILY_D_MATURE_BENCHMARK/019_bizkaibus/03_gtfs_explorer/parsed_rule_summary.csv,781,NORMAL,YES,NO,CANDIDATE_ONLY_ALL_STAGING_BLOCKED
02_Data_Engineering/GTFS_Lab/20_clientes_reales/FAMILY_D_MATURE_BENCHMARK/019_bizkaibus/03_gtfs_explorer/run_001/Captura de pantalla 2026-09-22 204236.png,80708,NORMAL,YES,NO,CANDIDATE_ONLY_ALL_STAGING_BLOCKED
02_Data_Engineering/GTFS_Lab/20_clientes_reales/FAMILY_D_MATURE_BENCHMARK/019_bizkaibus/03_gtfs_explorer/run_001/data.duckdb.editor-pre-migration.bak,2895872,EXCLUDED_GENERATED,NO,NO,EXCLUDED_FROM_GIT_PRESERVE_LOCALLY
02_Data_Engineering/GTFS_Lab/20_clientes_reales/FAMILY_D_MATURE_BENCHMARK/019_bizkaibus/03_gtfs_explorer/run_001/gtfs-export-route-2151-2153-2161-2162-2163-2164-2166-2312-2314-2315-2316-2318-2321-2322-2324-2326-2336-2610-2611-3115-3122-312-0a3f43b9.json,69265148,EXCLUDED_GENERATED,NO,NO,EXCLUDED_FROM_GIT_PRESERVE_LOCALLY
02_Data_Engineering/GTFS_Lab/20_clientes_reales/FAMILY_D_MATURE_BENCHMARK/019_bizkaibus/03_gtfs_explorer/run_001/gtfs-export-route-2151-2153-2161-2162-2163-2164-2166-2312-2314-2315-2316-2318-2321-2322-2324-2326-2336-2610-2611-3115-3122-312-0a3f43b9.json.manifest.json,285,EXCLUDED_GENERATED,NO,NO,EXCLUDED_FROM_GIT_PRESERVE_LOCALLY
02_Data_Engineering/GTFS_Lab/20_clientes_reales/FAMILY_D_MATURE_BENCHMARK/019_bizkaibus/03_gtfs_explorer/run_001/gtfs-export-route-2151-2153-2161-2162-2163-2164-2166-2312-2314-2315-2316-2318-2321-2322-2324-2326-2336-2610-2611-3115-3122-3129-2d500b52.zip,18390746,EXCLUDED_GENERATED,NO,NO,EXCLUDED_FROM_GIT_PRESERVE_LOCALLY
02_Data_Engineering/GTFS_Lab/20_clientes_reales/FAMILY_D_MATURE_BENCHMARK/019_bizkaibus/03_gtfs_explorer/run_001/gtfs-export-route-2151-2153-2161-2162-2163-2164-2166-2312-2314-2315-2316-2318-2321-2322-2324-2326-2336-2610-2611-3115-3122-3129-2d500b52.zip.manifest.json,493,EXCLUDED_GENERATED,NO,NO,EXCLUDED_FROM_GIT_PRESERVE_LOCALLY
02_Data_Engineering/GTFS_Lab/20_clientes_reales/FAMILY_D_MATURE_BENCHMARK/019_bizkaibus/03_gtfs_explorer/run_001/informe-validacion.html,103218958,EXCLUDED_GENERATED,NO,NO,EXCLUDED_FROM_GIT_PRESERVE_LOCALLY
02_Data_Engineering/GTFS_Lab/20_clientes_reales/FAMILY_D_MATURE_BENCHMARK/019_bizkaibus/03_gtfs_explorer/run_001/informe-validacion.html.manifest.json,169,NORMAL,YES,NO,CANDIDATE_ONLY_ALL_STAGING_BLOCKED
02_Data_Engineering/GTFS_Lab/20_clientes_reales/FAMILY_D_MATURE_BENCHMARK/019_bizkaibus/03_gtfs_explorer/run_001/project.json,380,NORMAL,YES,NO,CANDIDATE_ONLY_ALL_STAGING_BLOCKED
02_Data_Engineering/GTFS_Lab/20_clientes_reales/FAMILY_D_MATURE_BENCHMARK/019_bizkaibus/03_gtfs_explorer/run_002_rc002/Captura de pantalla 2026-09-23 023816.png,80972,NORMAL,YES,NO,CANDIDATE_ONLY_ALL_STAGING_BLOCKED
02_Data_Engineering/GTFS_Lab/20_clientes_reales/FAMILY_D_MATURE_BENCHMARK/019_bizkaibus/03_gtfs_explorer/run_002_rc002/Errores de validacion.png,192257,NORMAL,YES,NO,CANDIDATE_ONLY_ALL_STAGING_BLOCKED
02_Data_Engineering/GTFS_Lab/20_clientes_reales/FAMILY_D_MATURE_BENCHMARK/019_bizkaibus/03_gtfs_explorer/run_002_rc002/Inicio de Carga del feed.png,79872,NORMAL,YES,NO,CANDIDATE_ONLY_ALL_STAGING_BLOCKED
02_Data_Engineering/GTFS_Lab/20_clientes_reales/FAMILY_D_MATURE_BENCHMARK/019_bizkaibus/03_gtfs_explorer/run_002_rc002/data.duckdb.editor-pre-migration.bak,2895872,EXCLUDED_GENERATED,NO,NO,EXCLUDED_FROM_GIT_PRESERVE_LOCALLY
02_Data_Engineering/GTFS_Lab/20_clientes_reales/FAMILY_D_MATURE_BENCHMARK/019_bizkaibus/03_gtfs_explorer/run_002_rc002/finalizacion de la carga.png,84902,NORMAL,YES,NO,CANDIDATE_ONLY_ALL_STAGING_BLOCKED
02_Data_Engineering/GTFS_Lab/20_clientes_reales/FAMILY_D_MATURE_BENCHMARK/019_bizkaibus/03_gtfs_explorer/run_002_rc002/gtfs-export-route-2151-2153-2161-2162-2163-2164-2166-2312-2314-2315-2316-2318-2321-2322-2324-2326-2336-2610-2611-3115-3122-3129-2d500b52.zip,18390746,EXCLUDED_GENERATED,NO,NO,EXCLUDED_FROM_GIT_PRESERVE_LOCALLY
02_Data_Engineering/GTFS_Lab/20_clientes_reales/FAMILY_D_MATURE_BENCHMARK/019_bizkaibus/03_gtfs_explorer/run_002_rc002/gtfs-export-route-2151-2153-2161-2162-2163-2164-2166-2312-2314-2315-2316-2318-2321-2322-2324-2326-2336-2610-2611-3115-3122-3129-2d500b52.zip.manifest.json,493,NORMAL,YES,NO,CANDIDATE_ONLY_ALL_STAGING_BLOCKED
02_Data_Engineering/GTFS_Lab/20_clientes_reales/FAMILY_D_MATURE_BENCHMARK/019_bizkaibus/03_gtfs_explorer/run_002_rc002/project.json,386,NORMAL,YES,NO,CANDIDATE_ONLY_ALL_STAGING_BLOCKED
02_Data_Engineering/GTFS_Lab/20_clientes_reales/FAMILY_D_MATURE_BENCHMARK/019_bizkaibus/03_gtfs_explorer/run_002_rc002/sobre carga por la necesidad de validar.png,6452,NORMAL,YES,NO,CANDIDATE_ONLY_ALL_STAGING_BLOCKED
02_Data_Engineering/GTFS_Lab/20_clientes_reales/FAMILY_D_MATURE_BENCHMARK/019_bizkaibus/03_gtfs_explorer/run_004_gtfs023_candidate001/b7477805-9c06-446b-9d34-b0fbedf94e85.png,217032,NORMAL,YES,NO,CANDIDATE_ONLY_ALL_STAGING_BLOCKED
02_Data_Engineering/GTFS_Lab/20_clientes_reales/FAMILY_D_MATURE_BENCHMARK/019_bizkaibus/03_gtfs_explorer/run_004_gtfs023_candidate001/candidate_launch_provenance_addendum.txt,778,NORMAL,YES,NO,CANDIDATE_ONLY_ALL_STAGING_BLOCKED
02_Data_Engineering/GTFS_Lab/20_clientes_reales/FAMILY_D_MATURE_BENCHMARK/019_bizkaibus/03_gtfs_explorer/run_004_gtfs023_candidate001/data.duckdb.editor-pre-migration.bak,2895872,EXCLUDED_GENERATED,NO,NO,EXCLUDED_FROM_GIT_PRESERVE_LOCALLY
02_Data_Engineering/GTFS_Lab/20_clientes_reales/FAMILY_D_MATURE_BENCHMARK/019_bizkaibus/03_gtfs_explorer/run_004_gtfs023_candidate001/project.json,401,NORMAL,YES,NO,CANDIDATE_ONLY_ALL_STAGING_BLOCKED
02_Data_Engineering/GTFS_Lab/20_clientes_reales/FAMILY_D_MATURE_BENCHMARK/019_bizkaibus/03_gtfs_explorer/run_004_gtfs023_candidate001/rc002_launch_provenance.txt,276,NORMAL,YES,NO,CANDIDATE_ONLY_ALL_STAGING_BLOCKED
02_Data_Engineering/GTFS_Lab/20_clientes_reales/FAMILY_D_MATURE_BENCHMARK/019_bizkaibus/04_audit/pilot_01/nap_vs_source.md,653,NORMAL,YES,NO,CANDIDATE_ONLY_ALL_STAGING_BLOCKED
02_Data_Engineering/GTFS_Lab/20_clientes_reales/FAMILY_D_MATURE_BENCHMARK/019_bizkaibus/04_audit/pilot_01/source_census.json,13869,NORMAL,YES,NO,CANDIDATE_ONLY_ALL_STAGING_BLOCKED
02_Data_Engineering/GTFS_Lab/20_clientes_reales/FAMILY_D_MATURE_BENCHMARK/019_bizkaibus/04_audit/pilot_01/source_census.md,4207,NORMAL,YES,NO,CANDIDATE_ONLY_ALL_STAGING_BLOCKED
02_Data_Engineering/GTFS_Lab/20_clientes_reales/FAMILY_D_MATURE_BENCHMARK/019_bizkaibus/README.md,1346,NORMAL,YES,NO,CANDIDATE_ONLY_ALL_STAGING_BLOCKED
02_Data_Engineering/GTFS_Lab/20_clientes_reales/FAMILY_D_MATURE_BENCHMARK/020_kbus/00_metadata/checksums.sha256,1939,NORMAL,YES,NO,CANDIDATE_ONLY_ALL_STAGING_BLOCKED
02_Data_Engineering/GTFS_Lab/20_clientes_reales/FAMILY_D_MATURE_BENCHMARK/020_kbus/00_metadata/inventory.json,1295,NORMAL,YES,NO,CANDIDATE_ONLY_ALL_STAGING_BLOCKED
02_Data_Engineering/GTFS_Lab/20_clientes_reales/FAMILY_D_MATURE_BENCHMARK/020_kbus/00_metadata/source_identity_verification.md,999,NORMAL,YES,NO,CANDIDATE_ONLY_ALL_STAGING_BLOCKED
02_Data_Engineering/GTFS_Lab/20_clientes_reales/FAMILY_D_MATURE_BENCHMARK/020_kbus/00_metadata/source_metadata.json,1906,NORMAL,YES,NO,CANDIDATE_ONLY_ALL_STAGING_BLOCKED
02_Data_Engineering/GTFS_Lab/20_clientes_reales/FAMILY_D_MATURE_BENCHMARK/020_kbus/01_nap_snapshot/kbus.png,275584,NORMAL,YES,NO,CANDIDATE_ONLY_ALL_STAGING_BLOCKED
02_Data_Engineering/GTFS_Lab/20_clientes_reales/FAMILY_D_MATURE_BENCHMARK/020_kbus/02_sources/gtfs_schedule/extracted/agency.txt,157,EXCLUDED_GENERATED,NO,NO,EXCLUDED_FROM_GIT_PRESERVE_LOCALLY
02_Data_Engineering/GTFS_Lab/20_clientes_reales/FAMILY_D_MATURE_BENCHMARK/020_kbus/02_sources/gtfs_schedule/extracted/calendar.txt,264,EXCLUDED_GENERATED,NO,NO,EXCLUDED_FROM_GIT_PRESERVE_LOCALLY
02_Data_Engineering/GTFS_Lab/20_clientes_reales/FAMILY_D_MATURE_BENCHMARK/020_kbus/02_sources/gtfs_schedule/extracted/calendar_dates.txt,816,EXCLUDED_GENERATED,NO,NO,EXCLUDED_FROM_GIT_PRESERVE_LOCALLY
02_Data_Engineering/GTFS_Lab/20_clientes_reales/FAMILY_D_MATURE_BENCHMARK/020_kbus/02_sources/gtfs_schedule/extracted/fare_attributes.txt,126,EXCLUDED_GENERATED,NO,NO,EXCLUDED_FROM_GIT_PRESERVE_LOCALLY
02_Data_Engineering/GTFS_Lab/20_clientes_reales/FAMILY_D_MATURE_BENCHMARK/020_kbus/02_sources/gtfs_schedule/extracted/fare_rules.txt,162,EXCLUDED_GENERATED,NO,NO,EXCLUDED_FROM_GIT_PRESERVE_LOCALLY
02_Data_Engineering/GTFS_Lab/20_clientes_reales/FAMILY_D_MATURE_BENCHMARK/020_kbus/02_sources/gtfs_schedule/extracted/feed_info.txt,253,EXCLUDED_GENERATED,NO,NO,EXCLUDED_FROM_GIT_PRESERVE_LOCALLY
02_Data_Engineering/GTFS_Lab/20_clientes_reales/FAMILY_D_MATURE_BENCHMARK/020_kbus/02_sources/gtfs_schedule/extracted/routes.txt,509,EXCLUDED_GENERATED,NO,NO,EXCLUDED_FROM_GIT_PRESERVE_LOCALLY
02_Data_Engineering/GTFS_Lab/20_clientes_reales/FAMILY_D_MATURE_BENCHMARK/020_kbus/02_sources/gtfs_schedule/extracted/shapes.txt,78506,EXCLUDED_GENERATED,NO,NO,EXCLUDED_FROM_GIT_PRESERVE_LOCALLY
02_Data_Engineering/GTFS_Lab/20_clientes_reales/FAMILY_D_MATURE_BENCHMARK/020_kbus/02_sources/gtfs_schedule/extracted/stop_times.txt,598844,EXCLUDED_GENERATED,NO,NO,EXCLUDED_FROM_GIT_PRESERVE_LOCALLY
02_Data_Engineering/GTFS_Lab/20_clientes_reales/FAMILY_D_MATURE_BENCHMARK/020_kbus/02_sources/gtfs_schedule/extracted/stops.txt,7917,EXCLUDED_GENERATED,NO,NO,EXCLUDED_FROM_GIT_PRESERVE_LOCALLY
02_Data_Engineering/GTFS_Lab/20_clientes_reales/FAMILY_D_MATURE_BENCHMARK/020_kbus/02_sources/gtfs_schedule/extracted/trips.txt,29642,EXCLUDED_GENERATED,NO,NO,EXCLUDED_FROM_GIT_PRESERVE_LOCALLY
02_Data_Engineering/GTFS_Lab/20_clientes_reales/FAMILY_D_MATURE_BENCHMARK/020_kbus/02_sources/gtfs_schedule/original/20250530_060158_Bus_Barakaldo.zip,91410,EXCLUDED_GENERATED,NO,NO,EXCLUDED_FROM_GIT_PRESERVE_LOCALLY
02_Data_Engineering/GTFS_Lab/20_clientes_reales/FAMILY_D_MATURE_BENCHMARK/020_kbus/03_gtfs_explorer/README.md,366,NORMAL,YES,NO,CANDIDATE_ONLY_ALL_STAGING_BLOCKED
02_Data_Engineering/GTFS_Lab/20_clientes_reales/FAMILY_D_MATURE_BENCHMARK/020_kbus/03_gtfs_explorer/parsed_rule_summary.csv,562,NORMAL,YES,NO,CANDIDATE_ONLY_ALL_STAGING_BLOCKED
02_Data_Engineering/GTFS_Lab/20_clientes_reales/FAMILY_D_MATURE_BENCHMARK/020_kbus/03_gtfs_explorer/run_001/Captura de pantalla 2026-09-22 200709.png,79293,NORMAL,YES,NO,CANDIDATE_ONLY_ALL_STAGING_BLOCKED
02_Data_Engineering/GTFS_Lab/20_clientes_reales/FAMILY_D_MATURE_BENCHMARK/020_kbus/03_gtfs_explorer/run_001/data.duckdb.editor-pre-migration.bak,2895872,EXCLUDED_GENERATED,NO,NO,EXCLUDED_FROM_GIT_PRESERVE_LOCALLY
02_Data_Engineering/GTFS_Lab/20_clientes_reales/FAMILY_D_MATURE_BENCHMARK/020_kbus/03_gtfs_explorer/run_001/gtfs-export-route-AH-H-L2-L3-service-1-2-json.json,1284917,NORMAL,YES,NO,CANDIDATE_ONLY_ALL_STAGING_BLOCKED
02_Data_Engineering/GTFS_Lab/20_clientes_reales/FAMILY_D_MATURE_BENCHMARK/020_kbus/03_gtfs_explorer/run_001/gtfs-export-route-AH-H-L2-L3-service-1-2-json.json.manifest.json,194,NORMAL,YES,NO,CANDIDATE_ONLY_ALL_STAGING_BLOCKED
02_Data_Engineering/GTFS_Lab/20_clientes_reales/FAMILY_D_MATURE_BENCHMARK/020_kbus/03_gtfs_explorer/run_001/informe-validacion.html,630340,NORMAL,YES,NO,CANDIDATE_ONLY_ALL_STAGING_BLOCKED
02_Data_Engineering/GTFS_Lab/20_clientes_reales/FAMILY_D_MATURE_BENCHMARK/020_kbus/03_gtfs_explorer/run_001/informe-validacion.html.manifest.json,166,NORMAL,YES,NO,CANDIDATE_ONLY_ALL_STAGING_BLOCKED
02_Data_Engineering/GTFS_Lab/20_clientes_reales/FAMILY_D_MATURE_BENCHMARK/020_kbus/03_gtfs_explorer/run_001/project.json,380,NORMAL,YES,NO,CANDIDATE_ONLY_ALL_STAGING_BLOCKED
02_Data_Engineering/GTFS_Lab/20_clientes_reales/FAMILY_D_MATURE_BENCHMARK/020_kbus/04_audit/pilot_01/nap_vs_source.md,637,NORMAL,YES,NO,CANDIDATE_ONLY_ALL_STAGING_BLOCKED
02_Data_Engineering/GTFS_Lab/20_clientes_reales/FAMILY_D_MATURE_BENCHMARK/020_kbus/04_audit/pilot_01/source_census.json,12752,NORMAL,YES,NO,CANDIDATE_ONLY_ALL_STAGING_BLOCKED
02_Data_Engineering/GTFS_Lab/20_clientes_reales/FAMILY_D_MATURE_BENCHMARK/020_kbus/04_audit/pilot_01/source_census.md,3785,NORMAL,YES,NO,CANDIDATE_ONLY_ALL_STAGING_BLOCKED
02_Data_Engineering/GTFS_Lab/20_clientes_reales/FAMILY_D_MATURE_BENCHMARK/020_kbus/README.md,625,NORMAL,YES,NO,CANDIDATE_ONLY_ALL_STAGING_BLOCKED
02_Data_Engineering/GTFS_Lab/20_clientes_reales/README.md,2133,NORMAL,YES,NO,CANDIDATE_ONLY_ALL_STAGING_BLOCKED
02_Data_Engineering/GTFS_Lab/20_clientes_reales/benchmark_manifest.csv,5610,NORMAL,YES,NO,CANDIDATE_ONLY_ALL_STAGING_BLOCKED
02_Data_Engineering/GTFS_Lab/20_clientes_reales/benchmark_manifest.json,21044,NORMAL,YES,NO,CANDIDATE_ONLY_ALL_STAGING_BLOCKED
02_Data_Engineering/GTFS_Lab/20_clientes_reales/docs/AUDIT_MODEL.md,579,NORMAL,YES,NO,CANDIDATE_ONLY_ALL_STAGING_BLOCKED
02_Data_Engineering/GTFS_Lab/20_clientes_reales/docs/BENCHMARK_METHODOLOGY.md,532,NORMAL,YES,NO,CANDIDATE_ONLY_ALL_STAGING_BLOCKED
02_Data_Engineering/GTFS_Lab/20_clientes_reales/docs/DATA_GOVERNANCE.md,779,NORMAL,YES,NO,CANDIDATE_ONLY_ALL_STAGING_BLOCKED
02_Data_Engineering/GTFS_Lab/20_clientes_reales/docs/FAMILY_CLASSIFICATION.md,875,NORMAL,YES,NO,CANDIDATE_ONLY_ALL_STAGING_BLOCKED
02_Data_Engineering/GTFS_Lab/20_clientes_reales/docs/FUTURE_RESEARCH.md,406,NORMAL,YES,NO,CANDIDATE_ONLY_ALL_STAGING_BLOCKED
02_Data_Engineering/GTFS_Lab/20_clientes_reales/docs/NAMING_CONVENTIONS.md,301,NORMAL,YES,NO,CANDIDATE_ONLY_ALL_STAGING_BLOCKED
02_Data_Engineering/GTFS_Lab/20_clientes_reales/docs/OPERATOR_CATALOG.md,3425,NORMAL,YES,NO,CANDIDATE_ONLY_ALL_STAGING_BLOCKED
02_Data_Engineering/GTFS_Lab/20_clientes_reales/docs/PILOT_01.md,927,NORMAL,YES,NO,CANDIDATE_ONLY_ALL_STAGING_BLOCKED
02_Data_Engineering/GTFS_Lab/20_clientes_reales/docs/PILOT_01_BASELINE_MATRIX.md,1369,NORMAL,YES,NO,CANDIDATE_ONLY_ALL_STAGING_BLOCKED
02_Data_Engineering/GTFS_Lab/20_clientes_reales/docs/PILOT_01_EVIDENCE_MODEL_OBSERVATIONS.md,4545,NORMAL,YES,NO,CANDIDATE_ONLY_ALL_STAGING_BLOCKED
02_Data_Engineering/GTFS_Lab/20_clientes_reales/docs/PILOT_01_PRODUCT_GAPS.md,1592,NORMAL,YES,NO,CANDIDATE_ONLY_ALL_STAGING_BLOCKED
02_Data_Engineering/GTFS_Lab/20_clientes_reales/docs/PROJECT_SCOPE.md,402,NORMAL,YES,NO,CANDIDATE_ONLY_ALL_STAGING_BLOCKED
02_Data_Engineering/GTFS_Lab/20_clientes_reales/docs/SOURCE_FORMAT_MATRIX.md,687,NORMAL,YES,NO,CANDIDATE_ONLY_ALL_STAGING_BLOCKED
02_Data_Engineering/GTFS_Lab/20_clientes_reales/pilot_01_baseline.csv,2552,NORMAL,YES,NO,CANDIDATE_ONLY_ALL_STAGING_BLOCKED
02_Data_Engineering/GTFS_Lab/20_clientes_reales/tools/audit_gtfs_explorer_pilot_01.py,21049,NORMAL,YES,NO,CANDIDATE_ONLY_ALL_STAGING_BLOCKED
02_Data_Engineering/GTFS_Lab/20_clientes_reales/tools/generate_pilot_01.py,26633,NORMAL,YES,NO,CANDIDATE_ONLY_ALL_STAGING_BLOCKED
02_Data_Engineering/GTFS_Lab/GTFS_NeTEx_Historia_Roadmap.png,2643515,NORMAL,YES,NO,CANDIDATE_ONLY_ALL_STAGING_BLOCKED
02_Data_Engineering/GTFS_Lab/GTFS_Obsidian/.obsidian/app.json,27,NORMAL,YES,NO,CANDIDATE_ONLY_ALL_STAGING_BLOCKED
02_Data_Engineering/GTFS_Lab/GTFS_Obsidian/.obsidian/appearance.json,2,NORMAL,YES,NO,CANDIDATE_ONLY_ALL_STAGING_BLOCKED
02_Data_Engineering/GTFS_Lab/GTFS_Obsidian/.obsidian/core-plugins.json,696,NORMAL,YES,NO,CANDIDATE_ONLY_ALL_STAGING_BLOCKED
02_Data_Engineering/GTFS_Lab/GTFS_Obsidian/.obsidian/graph.json,497,NORMAL,YES,NO,CANDIDATE_ONLY_ALL_STAGING_BLOCKED
02_Data_Engineering/GTFS_Lab/GTFS_Obsidian/.obsidian/workspace.json,5624,NORMAL,YES,NO,CANDIDATE_ONLY_ALL_STAGING_BLOCKED
02_Data_Engineering/GTFS_Lab/GTFS_Obsidian/ALL.canvas,163,NORMAL,YES,NO,CANDIDATE_ONLY_ALL_STAGING_BLOCKED
02_Data_Engineering/GTFS_Lab/GTFS_Obsidian/GTFS_NeTEx_Historia_Roadmap.canvas,13425,NORMAL,YES,NO,CANDIDATE_ONLY_ALL_STAGING_BLOCKED
02_Data_Engineering/GTFS_Lab/README.md,0,NORMAL,YES,NO,CANDIDATE_ONLY_ALL_STAGING_BLOCKED
02_Data_Engineering/GTFS_Lab/exports/route_440.kml,15700,NORMAL,YES,NO,CANDIDATE_ONLY_ALL_STAGING_BLOCKED
02_Data_Engineering/GTFS_Lab/exports/route_440_dir0.kml,7540,NORMAL,YES,NO,CANDIDATE_ONLY_ALL_STAGING_BLOCKED
02_Data_Engineering/GTFS_Lab/exports/route_440_dir1.kml,8601,NORMAL,YES,NO,CANDIDATE_ONLY_ALL_STAGING_BLOCKED
02_Data_Engineering/GTFS_Lab/sql/01_import/20260924_020003_import_consorcio_asturias.sql,1380,NORMAL,YES,NO,CANDIDATE_ONLY_ALL_STAGING_BLOCKED
02_Data_Engineering/GTFS_Lab/sql/01_import/run_import_consorcio_asturias.ps1,691,NORMAL,YES,NO,CANDIDATE_ONLY_ALL_STAGING_BLOCKED
02_Data_Engineering/GTFS_Lab/sql/07_tests/test_gtfs_lab_integrity.sql,9781,NORMAL,YES,NO,CANDIDATE_ONLY_ALL_STAGING_BLOCKED
03_Compliance/EU/01_Primary_Law/Directive_2010_40_EU/Directive_2010_40_EU_CONSOLIDATED_2023-12-20_ES.pdf,419633,NORMAL,YES,NO,CANDIDATE_ONLY_ALL_STAGING_BLOCKED
03_Compliance/EU/01_Primary_Law/Directive_2023_2661/Directive_EU_2023_2661_ES.pdf,856265,NORMAL,YES,NO,CANDIDATE_ONLY_ALL_STAGING_BLOCKED
03_Compliance/EU/01_Primary_Law/Historical/Regulation_1305_2014/Regulation_1305_2014_CONSOLIDATED_2021-04-18_ES.pdf,583075,NORMAL,YES,NO,CANDIDATE_ONLY_ALL_STAGING_BLOCKED
03_Compliance/EU/01_Primary_Law/Historical/Regulation_454_2011/Regulation_454_2011_CONSOLIDATED_2019-06-16_ES.pdf,667114,NORMAL,YES,NO,CANDIDATE_ONLY_ALL_STAGING_BLOCKED
03_Compliance/EU/01_Primary_Law/Regulation_2017_1926/Regulation_2017_1926_CONSOLIDATED_2024-03-04_ES.pdf,254977,NORMAL,YES,NO,CANDIDATE_ONLY_ALL_STAGING_BLOCKED
03_Compliance/EU/01_Primary_Law/Regulation_2017_1926/Regulation_2017_1926_ORIGINAL_ES.pdf,566758,NORMAL,YES,NO,CANDIDATE_ONLY_ALL_STAGING_BLOCKED
03_Compliance/EU/01_Primary_Law/Regulation_2024_1679/Regulation_EU_2024_1679_ES.pdf,31861319,REVIEW_LARGE,YES,NO,CANDIDATE_ONLY_ALL_STAGING_BLOCKED
03_Compliance/EU/01_Primary_Law/Regulation_2024_490/Regulation_2024_490_ES.pdf,645087,NORMAL,YES,NO,CANDIDATE_ONLY_ALL_STAGING_BLOCKED
03_Compliance/EU/01_Primary_Law/Regulation_2026_1554/Implementing_Regulation_EU_2026_1554_ES.pdf,548864,NORMAL,YES,NO,CANDIDATE_ONLY_ALL_STAGING_BLOCKED
03_Compliance/EU/01_Primary_Law/Regulation_2026_253/Implementing_Regulation_EU_2026_253_ES.pdf,2075545,NORMAL,YES,NO,CANDIDATE_ONLY_ALL_STAGING_BLOCKED
03_Compliance/NAP/01_Policies/NAP_Licencia_Datos.html,22033,NORMAL,YES,NO,CANDIDATE_ONLY_ALL_STAGING_BLOCKED
03_Compliance/NAP/01_Policies/NAP_Politica_Contribucion.html,11652,NORMAL,YES,NO,CANDIDATE_ONLY_ALL_STAGING_BLOCKED
03_Compliance/NAP/01_Policies/NAP_Quienes_Somos.html,11528,NORMAL,YES,NO,CANDIDATE_ONLY_ALL_STAGING_BLOCKED
03_Compliance/NAP/02_Submission/NAP_FAQ.html,21459,NORMAL,YES,NO,CANDIDATE_ONLY_ALL_STAGING_BLOCKED
03_Compliance/PHASE_2_REQUIREMENTS_ENGINE.md,5769,NORMAL,YES,NO,CANDIDATE_ONLY_ALL_STAGING_BLOCKED
03_Compliance/Spain/01_Primary_Law/Ley_9_2025/Ley_9_2025_CONSOLIDATED_2026-03-21.pdf,808184,NORMAL,YES,NO,CANDIDATE_ONLY_ALL_STAGING_BLOCKED
03_Compliance/Spain/01_Primary_Law/Ley_9_2025/Ley_9_2025_ORIGINAL_BOE.pdf,1149346,NORMAL,YES,NO,CANDIDATE_ONLY_ALL_STAGING_BLOCKED
03_Compliance/Spain/01_Primary_Law/Ley_9_2025/Ley_9_2025_ORIGINAL_BOE.xml,625657,NORMAL,YES,NO,CANDIDATE_ONLY_ALL_STAGING_BLOCKED
03_Compliance/TEST_BASELINE_POLICY.md,2822,NORMAL,YES,NO,CANDIDATE_ONLY_ALL_STAGING_BLOCKED
03_Compliance/_Sources/SOURCE_MANIFEST.txt,3709,NORMAL,YES,NO,CANDIDATE_ONLY_ALL_STAGING_BLOCKED
03_Compliance/reports/phase_1/PHASE_1_FILE_HASHES.csv,3707,NORMAL,YES,NO,CANDIDATE_ONLY_ALL_STAGING_BLOCKED
03_Compliance/reports/phase_1/PHASE_1_MANIFEST.csv,4098,NORMAL,YES,NO,CANDIDATE_ONLY_ALL_STAGING_BLOCKED
03_Compliance/reports/phase_2/PHASE_2_CANDIDATES.csv,33130,NORMAL,YES,NO,CANDIDATE_ONLY_ALL_STAGING_BLOCKED
03_Compliance/reports/phase_2/PHASE_2_DEADLINES.csv,480,NORMAL,YES,NO,CANDIDATE_ONLY_ALL_STAGING_BLOCKED
03_Compliance/reports/phase_2/PHASE_2_REQUIREMENTS.csv,3077,NORMAL,YES,NO,CANDIDATE_ONLY_ALL_STAGING_BLOCKED
03_Compliance/reports/phase_2/PHASE_2_SOURCE_ANOMALIES.csv,962,NORMAL,YES,NO,CANDIDATE_ONLY_ALL_STAGING_BLOCKED
03_Compliance/reports/phase_2/PHASE_2_SUMMARY.md,2357,NORMAL,YES,NO,CANDIDATE_ONLY_ALL_STAGING_BLOCKED
03_Compliance/reports/phase_2/PHASE_2_TEST_RESULTS.csv,1509,NORMAL,YES,NO,CANDIDATE_ONLY_ALL_STAGING_BLOCKED
03_Compliance/reports/phase_2/baseline/PHASE_1_SOURCE_DOCUMENTS.csv,4768,NORMAL,YES,NO,CANDIDATE_ONLY_ALL_STAGING_BLOCKED
03_Compliance/reports/phase_2/baseline/PHASE_1_SOURCE_PROVISIONS.csv,23583,NORMAL,YES,NO,CANDIDATE_ONLY_ALL_STAGING_BLOCKED
03_Compliance/reports/phase_2/baseline/PHASE_1_SOURCE_RELATIONSHIPS.csv,1360,NORMAL,YES,NO,CANDIDATE_ONLY_ALL_STAGING_BLOCKED
03_Compliance/reports/phase_2/baseline/PHASE_2_PHASE_1_BASELINE.csv,1435,NORMAL,YES,NO,CANDIDATE_ONLY_ALL_STAGING_BLOCKED
03_Compliance/reports/phase_2/freeze/APPROVED_MATERIALIZED_RECONCILIATION.csv,5488,NORMAL,YES,NO,CANDIDATE_ONLY_ALL_STAGING_BLOCKED
03_Compliance/reports/phase_2/freeze/DATABASE_READ_ONLY_SNAPSHOT.json,416412,NORMAL,YES,NO,CANDIDATE_ONLY_ALL_STAGING_BLOCKED
03_Compliance/reports/phase_2/freeze/EXECUTION_NOTES.md,908,NORMAL,YES,NO,CANDIDATE_ONLY_ALL_STAGING_BLOCKED
03_Compliance/reports/phase_2/freeze/FILES_CREATED.csv,5451,NORMAL,YES,NO,CANDIDATE_ONLY_ALL_STAGING_BLOCKED
03_Compliance/reports/phase_2/freeze/FINAL_RESULT.json,6141,NORMAL,YES,NO,CANDIDATE_ONLY_ALL_STAGING_BLOCKED
03_Compliance/reports/phase_2/freeze/FREEZE_ISSUES.csv,623,NORMAL,YES,NO,CANDIDATE_ONLY_ALL_STAGING_BLOCKED
03_Compliance/reports/phase_2/freeze/GIT_STATUS_AFTER.txt,127,NORMAL,YES,NO,CANDIDATE_ONLY_ALL_STAGING_BLOCKED
03_Compliance/reports/phase_2/freeze/GIT_STATUS_BEFORE.txt,127,NORMAL,YES,NO,CANDIDATE_ONLY_ALL_STAGING_BLOCKED
03_Compliance/reports/phase_2/freeze/LEGAL_SOURCE_HASH_CHECKS.csv,3189,NORMAL,YES,NO,CANDIDATE_ONLY_ALL_STAGING_BLOCKED
03_Compliance/reports/phase_2/freeze/PHASE_2_ARTIFACT_INVENTORY.csv,80786,NORMAL,YES,NO,CANDIDATE_ONLY_ALL_STAGING_BLOCKED
03_Compliance/reports/phase_2/freeze/PHASE_2_BASELINE_PROMOTION.csv,1111,NORMAL,YES,NO,CANDIDATE_ONLY_ALL_STAGING_BLOCKED
03_Compliance/reports/phase_2/freeze/PHASE_2_BASELINE_PROMOTION.md,2061,NORMAL,YES,NO,CANDIDATE_ONLY_ALL_STAGING_BLOCKED
03_Compliance/reports/phase_2/freeze/PHASE_2_BASELINE_PROMOTION_FAILURE.json,3608,NORMAL,YES,NO,CANDIDATE_ONLY_ALL_STAGING_BLOCKED
03_Compliance/reports/phase_2/freeze/PHASE_2_BASELINE_PROMOTION_RESUME.md,1094,NORMAL,YES,NO,CANDIDATE_ONLY_ALL_STAGING_BLOCKED
03_Compliance/reports/phase_2/freeze/PHASE_2_FINAL_DEADLINES.csv,6761,NORMAL,YES,NO,CANDIDATE_ONLY_ALL_STAGING_BLOCKED
03_Compliance/reports/phase_2/freeze/PHASE_2_FINAL_FREEZE_REVIEW.csv,5986,NORMAL,YES,NO,CANDIDATE_ONLY_ALL_STAGING_BLOCKED
03_Compliance/reports/phase_2/freeze/PHASE_2_FINAL_FREEZE_REVIEW.md,12405,NORMAL,YES,NO,CANDIDATE_ONLY_ALL_STAGING_BLOCKED
03_Compliance/reports/phase_2/freeze/PHASE_2_FINAL_REQUIREMENTS.csv,188404,NORMAL,YES,NO,CANDIDATE_ONLY_ALL_STAGING_BLOCKED
03_Compliance/reports/phase_2/freeze/PHASE_2_FINAL_SOURCE_FACTS.csv,20820,NORMAL,YES,NO,CANDIDATE_ONLY_ALL_STAGING_BLOCKED
03_Compliance/reports/phase_2/freeze/PHASE_2_FORMAL_FREEZE.json,5794,NORMAL,YES,NO,CANDIDATE_ONLY_ALL_STAGING_BLOCKED
03_Compliance/reports/phase_2/freeze/PHASE_2_FORMAL_FREEZE.md,2439,NORMAL,YES,NO,CANDIDATE_ONLY_ALL_STAGING_BLOCKED
03_Compliance/reports/phase_2/freeze/PHASE_2_FREEZE_CANDIDATE.json,1389,NORMAL,YES,NO,CANDIDATE_ONLY_ALL_STAGING_BLOCKED
03_Compliance/reports/phase_2/freeze/PHASE_2_FREEZE_HASHES.csv,748,NORMAL,YES,NO,CANDIDATE_ONLY_ALL_STAGING_BLOCKED
03_Compliance/reports/phase_2/freeze/PHASE_2_REPRODUCIBILITY_MATRIX.csv,3276,NORMAL,YES,NO,CANDIDATE_ONLY_ALL_STAGING_BLOCKED
03_Compliance/reports/phase_2/freeze/PROJECT_BASELINE_VALIDATION.json,449,NORMAL,YES,NO,CANDIDATE_ONLY_ALL_STAGING_BLOCKED
03_Compliance/reports/phase_2/freeze/PROJECT_CURRENT_STATE_PHASE_2_PROPOSAL.md,932,NORMAL,YES,NO,CANDIDATE_ONLY_ALL_STAGING_BLOCKED
03_Compliance/reports/phase_2/freeze/PROJECT_CURRENT_STATE_VALIDATION.json,531,NORMAL,YES,NO,CANDIDATE_ONLY_ALL_STAGING_BLOCKED
03_Compliance/reports/phase_2/freeze/PROTECTED_FILE_HASHES_BEFORE.json,48342,NORMAL,YES,NO,CANDIDATE_ONLY_ALL_STAGING_BLOCKED
03_Compliance/reports/phase_2/freeze/SHA256_BEFORE_AFTER.json,189,NORMAL,YES,NO,CANDIDATE_ONLY_ALL_STAGING_BLOCKED
03_Compliance/reports/phase_2/freeze/VERIFIED_TEST_RESULTS.csv,1694,NORMAL,YES,NO,CANDIDATE_ONLY_ALL_STAGING_BLOCKED
03_Compliance/reports/phase_2/freeze/attempts/run_001/APPROVED_MATERIALIZED_RECONCILIATION.csv,5488,NORMAL,YES,NO,CANDIDATE_ONLY_ALL_STAGING_BLOCKED
03_Compliance/reports/phase_2/freeze/attempts/run_001/DATABASE_READ_ONLY_SNAPSHOT.json,416412,NORMAL,YES,NO,CANDIDATE_ONLY_ALL_STAGING_BLOCKED
03_Compliance/reports/phase_2/freeze/attempts/run_001/FILES_CREATED.csv,2387,NORMAL,YES,NO,CANDIDATE_ONLY_ALL_STAGING_BLOCKED
03_Compliance/reports/phase_2/freeze/attempts/run_001/FINAL_RESULT.json,4325,NORMAL,YES,NO,CANDIDATE_ONLY_ALL_STAGING_BLOCKED
03_Compliance/reports/phase_2/freeze/attempts/run_001/FREEZE_ISSUES.csv,655,NORMAL,YES,NO,CANDIDATE_ONLY_ALL_STAGING_BLOCKED
03_Compliance/reports/phase_2/freeze/attempts/run_001/GIT_STATUS_AFTER.txt,127,NORMAL,YES,NO,CANDIDATE_ONLY_ALL_STAGING_BLOCKED
03_Compliance/reports/phase_2/freeze/attempts/run_001/GIT_STATUS_BEFORE.txt,127,NORMAL,YES,NO,CANDIDATE_ONLY_ALL_STAGING_BLOCKED
03_Compliance/reports/phase_2/freeze/attempts/run_001/LEGAL_SOURCE_HASH_CHECKS.csv,3189,NORMAL,YES,NO,CANDIDATE_ONLY_ALL_STAGING_BLOCKED
03_Compliance/reports/phase_2/freeze/attempts/run_001/PHASE_2_ARTIFACT_INVENTORY.csv,80786,NORMAL,YES,NO,CANDIDATE_ONLY_ALL_STAGING_BLOCKED
03_Compliance/reports/phase_2/freeze/attempts/run_001/PHASE_2_FINAL_DEADLINES.csv,6761,NORMAL,YES,NO,CANDIDATE_ONLY_ALL_STAGING_BLOCKED
03_Compliance/reports/phase_2/freeze/attempts/run_001/PHASE_2_FINAL_FREEZE_REVIEW.csv,5981,NORMAL,YES,NO,CANDIDATE_ONLY_ALL_STAGING_BLOCKED
03_Compliance/reports/phase_2/freeze/attempts/run_001/PHASE_2_FINAL_FREEZE_REVIEW.md,10683,NORMAL,YES,NO,CANDIDATE_ONLY_ALL_STAGING_BLOCKED
03_Compliance/reports/phase_2/freeze/attempts/run_001/PHASE_2_FINAL_REQUIREMENTS.csv,188404,NORMAL,YES,NO,CANDIDATE_ONLY_ALL_STAGING_BLOCKED
03_Compliance/reports/phase_2/freeze/attempts/run_001/PHASE_2_FINAL_SOURCE_FACTS.csv,20820,NORMAL,YES,NO,CANDIDATE_ONLY_ALL_STAGING_BLOCKED
03_Compliance/reports/phase_2/freeze/attempts/run_001/PHASE_2_REPRODUCIBILITY_MATRIX.csv,3343,NORMAL,YES,NO,CANDIDATE_ONLY_ALL_STAGING_BLOCKED
03_Compliance/reports/phase_2/freeze/attempts/run_001/PROTECTED_FILE_HASHES_BEFORE.json,48342,NORMAL,YES,NO,CANDIDATE_ONLY_ALL_STAGING_BLOCKED
03_Compliance/reports/phase_2/freeze/attempts/run_001/SHA256_BEFORE_AFTER.json,189,NORMAL,YES,NO,CANDIDATE_ONLY_ALL_STAGING_BLOCKED
03_Compliance/reports/phase_2/freeze/attempts/run_001/VERIFIED_TEST_RESULTS.csv,1694,NORMAL,YES,NO,CANDIDATE_ONLY_ALL_STAGING_BLOCKED
03_Compliance/reports/phase_2/freeze/promotion_resume/run_001/ARTIFACT_MANIFEST.csv,16128,NORMAL,YES,NO,CANDIDATE_ONLY_ALL_STAGING_BLOCKED
03_Compliance/reports/phase_2/freeze/promotion_resume/run_001/FINAL_RESULT.json,16313,NORMAL,YES,NO,CANDIDATE_ONLY_ALL_STAGING_BLOCKED
03_Compliance/reports/phase_2/freeze/promotion_resume/run_001/FINAL_TEST_RESULTS.csv,1090,NORMAL,YES,NO,CANDIDATE_ONLY_ALL_STAGING_BLOCKED
03_Compliance/reports/phase_2/freeze/promotion_resume/run_001/FINAL_VERIFICATION.exit_code.txt,3,NORMAL,YES,NO,CANDIDATE_ONLY_ALL_STAGING_BLOCKED
03_Compliance/reports/phase_2/freeze/promotion_resume/run_001/FINAL_VERIFICATION_RUN_002.exit_code.txt,3,NORMAL,YES,NO,CANDIDATE_ONLY_ALL_STAGING_BLOCKED
03_Compliance/reports/phase_2/freeze/promotion_resume/run_001/FINAL_VERIFICATION_RUN_002.json,618,NORMAL,YES,NO,CANDIDATE_ONLY_ALL_STAGING_BLOCKED
03_Compliance/reports/phase_2/freeze/promotion_resume/run_001/GIT_STATUS_AFTER.txt,127,NORMAL,YES,NO,CANDIDATE_ONLY_ALL_STAGING_BLOCKED
03_Compliance/reports/phase_2/freeze/promotion_resume/run_001/GIT_STATUS_BEFORE.txt,127,NORMAL,YES,NO,CANDIDATE_ONLY_ALL_STAGING_BLOCKED
03_Compliance/reports/phase_2/freeze/promotion_resume/run_001/LEGAL_SOURCE_HASH_CHECKS.csv,3189,NORMAL,YES,NO,CANDIDATE_ONLY_ALL_STAGING_BLOCKED
03_Compliance/reports/phase_2/freeze/promotion_resume/run_001/PHASE_2_BASELINE_PROMOTION.csv,69478,NORMAL,YES,NO,CANDIDATE_ONLY_ALL_STAGING_BLOCKED
03_Compliance/reports/phase_2/freeze/promotion_resume/run_001/PHASE_2_BASELINE_PROMOTION.md,2495,NORMAL,YES,NO,CANDIDATE_ONLY_ALL_STAGING_BLOCKED
03_Compliance/reports/phase_2/freeze/promotion_resume/run_001/PROJECT_CURRENT_STATE.md.before,11604,NORMAL,YES,NO,CANDIDATE_ONLY_ALL_STAGING_BLOCKED
03_Compliance/reports/phase_2/freeze/promotion_resume/run_001/PROTECTED_FILES_BEFORE.json,53025,NORMAL,YES,NO,CANDIDATE_ONLY_ALL_STAGING_BLOCKED
03_Compliance/reports/phase_2/freeze/promotion_resume/run_001/project_baseline.json.before,4153,NORMAL,YES,NO,CANDIDATE_ONLY_ALL_STAGING_BLOCKED
03_Compliance/reports/phase_2/freeze/promotion_resume/run_001/promote_baseline.py,26492,NORMAL,YES,NO,CANDIDATE_ONLY_ALL_STAGING_BLOCKED
03_Compliance/reports/phase_2/freeze/promotion_resume/run_001/schema.exit_code.txt,1,NORMAL,YES,NO,CANDIDATE_ONLY_ALL_STAGING_BLOCKED
03_Compliance/reports/phase_2/freeze/promotion_resume/run_001/schema.json,562,NORMAL,YES,NO,CANDIDATE_ONLY_ALL_STAGING_BLOCKED
03_Compliance/reports/phase_2/freeze/promotion_resume/run_001/schema.stderr.txt,0,NORMAL,YES,NO,CANDIDATE_ONLY_ALL_STAGING_BLOCKED
03_Compliance/reports/phase_2/freeze/promotion_resume/run_001/snapshot_audit_evidence.exit_code.txt,1,NORMAL,YES,NO,CANDIDATE_ONLY_ALL_STAGING_BLOCKED
03_Compliance/reports/phase_2/freeze/promotion_resume/run_001/snapshot_audit_evidence.json,5,NORMAL,YES,NO,CANDIDATE_ONLY_ALL_STAGING_BLOCKED
03_Compliance/reports/phase_2/freeze/promotion_resume/run_001/snapshot_audit_evidence.stderr.txt,0,NORMAL,YES,NO,CANDIDATE_ONLY_ALL_STAGING_BLOCKED
03_Compliance/reports/phase_2/freeze/promotion_resume/run_001/snapshot_audit_results.exit_code.txt,1,NORMAL,YES,NO,CANDIDATE_ONLY_ALL_STAGING_BLOCKED
03_Compliance/reports/phase_2/freeze/promotion_resume/run_001/snapshot_audit_results.json,5,NORMAL,YES,NO,CANDIDATE_ONLY_ALL_STAGING_BLOCKED
03_Compliance/reports/phase_2/freeze/promotion_resume/run_001/snapshot_audit_results.stderr.txt,0,NORMAL,YES,NO,CANDIDATE_ONLY_ALL_STAGING_BLOCKED
03_Compliance/reports/phase_2/freeze/promotion_resume/run_001/snapshot_audit_rules.exit_code.txt,1,NORMAL,YES,NO,CANDIDATE_ONLY_ALL_STAGING_BLOCKED
03_Compliance/reports/phase_2/freeze/promotion_resume/run_001/snapshot_audit_rules.json,5,NORMAL,YES,NO,CANDIDATE_ONLY_ALL_STAGING_BLOCKED
03_Compliance/reports/phase_2/freeze/promotion_resume/run_001/snapshot_audit_rules.stderr.txt,0,NORMAL,YES,NO,CANDIDATE_ONLY_ALL_STAGING_BLOCKED
03_Compliance/reports/phase_2/freeze/promotion_resume/run_001/snapshot_audit_runs.exit_code.txt,1,NORMAL,YES,NO,CANDIDATE_ONLY_ALL_STAGING_BLOCKED
03_Compliance/reports/phase_2/freeze/promotion_resume/run_001/snapshot_audit_runs.json,5,NORMAL,YES,NO,CANDIDATE_ONLY_ALL_STAGING_BLOCKED
03_Compliance/reports/phase_2/freeze/promotion_resume/run_001/snapshot_audit_runs.stderr.txt,0,NORMAL,YES,NO,CANDIDATE_ONLY_ALL_STAGING_BLOCKED
03_Compliance/reports/phase_2/freeze/promotion_resume/run_001/snapshot_compliance_deadlines.exit_code.txt,1,NORMAL,YES,NO,CANDIDATE_ONLY_ALL_STAGING_BLOCKED
03_Compliance/reports/phase_2/freeze/promotion_resume/run_001/snapshot_compliance_deadlines.json,8440,NORMAL,YES,NO,CANDIDATE_ONLY_ALL_STAGING_BLOCKED
03_Compliance/reports/phase_2/freeze/promotion_resume/run_001/snapshot_compliance_deadlines.stderr.txt,0,NORMAL,YES,NO,CANDIDATE_ONLY_ALL_STAGING_BLOCKED
03_Compliance/reports/phase_2/freeze/promotion_resume/run_001/snapshot_compliance_nap_requirements.exit_code.txt,1,NORMAL,YES,NO,CANDIDATE_ONLY_ALL_STAGING_BLOCKED
03_Compliance/reports/phase_2/freeze/promotion_resume/run_001/snapshot_compliance_nap_requirements.json,5,NORMAL,YES,NO,CANDIDATE_ONLY_ALL_STAGING_BLOCKED
03_Compliance/reports/phase_2/freeze/promotion_resume/run_001/snapshot_compliance_nap_requirements.stderr.txt,0,NORMAL,YES,NO,CANDIDATE_ONLY_ALL_STAGING_BLOCKED
03_Compliance/reports/phase_2/freeze/promotion_resume/run_001/snapshot_compliance_provision_classifications.exit_code.txt,1,NORMAL,YES,NO,CANDIDATE_ONLY_ALL_STAGING_BLOCKED
03_Compliance/reports/phase_2/freeze/promotion_resume/run_001/snapshot_compliance_provision_classifications.json,27191,NORMAL,YES,NO,CANDIDATE_ONLY_ALL_STAGING_BLOCKED
03_Compliance/reports/phase_2/freeze/promotion_resume/run_001/snapshot_compliance_provision_classifications.stderr.txt,0,NORMAL,YES,NO,CANDIDATE_ONLY_ALL_STAGING_BLOCKED
03_Compliance/reports/phase_2/freeze/promotion_resume/run_001/snapshot_compliance_requirement_candidate_sources.exit_code.txt,1,NORMAL,YES,NO,CANDIDATE_ONLY_ALL_STAGING_BLOCKED
03_Compliance/reports/phase_2/freeze/promotion_resume/run_001/snapshot_compliance_requirement_candidate_sources.json,4850,NORMAL,YES,NO,CANDIDATE_ONLY_ALL_STAGING_BLOCKED
03_Compliance/reports/phase_2/freeze/promotion_resume/run_001/snapshot_compliance_requirement_candidate_sources.stderr.txt,0,NORMAL,YES,NO,CANDIDATE_ONLY_ALL_STAGING_BLOCKED
03_Compliance/reports/phase_2/freeze/promotion_resume/run_001/snapshot_compliance_requirement_candidates.exit_code.txt,1,NORMAL,YES,NO,CANDIDATE_ONLY_ALL_STAGING_BLOCKED
03_Compliance/reports/phase_2/freeze/promotion_resume/run_001/snapshot_compliance_requirement_candidates.json,36836,NORMAL,YES,NO,CANDIDATE_ONLY_ALL_STAGING_BLOCKED
03_Compliance/reports/phase_2/freeze/promotion_resume/run_001/snapshot_compliance_requirement_candidates.stderr.txt,0,NORMAL,YES,NO,CANDIDATE_ONLY_ALL_STAGING_BLOCKED
03_Compliance/reports/phase_2/freeze/promotion_resume/run_001/snapshot_compliance_requirements.exit_code.txt,1,NORMAL,YES,NO,CANDIDATE_ONLY_ALL_STAGING_BLOCKED
03_Compliance/reports/phase_2/freeze/promotion_resume/run_001/snapshot_compliance_requirements.json,217499,NORMAL,YES,NO,CANDIDATE_ONLY_ALL_STAGING_BLOCKED
03_Compliance/reports/phase_2/freeze/promotion_resume/run_001/snapshot_compliance_requirements.stderr.txt,0,NORMAL,YES,NO,CANDIDATE_ONLY_ALL_STAGING_BLOCKED
03_Compliance/reports/phase_2/freeze/promotion_resume/run_001/snapshot_compliance_source_facts.exit_code.txt,1,NORMAL,YES,NO,CANDIDATE_ONLY_ALL_STAGING_BLOCKED
03_Compliance/reports/phase_2/freeze/promotion_resume/run_001/snapshot_compliance_source_facts.json,26314,NORMAL,YES,NO,CANDIDATE_ONLY_ALL_STAGING_BLOCKED
03_Compliance/reports/phase_2/freeze/promotion_resume/run_001/snapshot_compliance_source_facts.stderr.txt,0,NORMAL,YES,NO,CANDIDATE_ONLY_ALL_STAGING_BLOCKED
03_Compliance/reports/phase_2/freeze/promotion_resume/run_001/snapshot_mapping_format_coverage.exit_code.txt,1,NORMAL,YES,NO,CANDIDATE_ONLY_ALL_STAGING_BLOCKED
03_Compliance/reports/phase_2/freeze/promotion_resume/run_001/snapshot_mapping_format_coverage.json,5,NORMAL,YES,NO,CANDIDATE_ONLY_ALL_STAGING_BLOCKED
03_Compliance/reports/phase_2/freeze/promotion_resume/run_001/snapshot_mapping_format_coverage.stderr.txt,0,NORMAL,YES,NO,CANDIDATE_ONLY_ALL_STAGING_BLOCKED
03_Compliance/reports/phase_2/freeze/promotion_resume/run_001/snapshot_mapping_format_equivalences.exit_code.txt,1,NORMAL,YES,NO,CANDIDATE_ONLY_ALL_STAGING_BLOCKED
03_Compliance/reports/phase_2/freeze/promotion_resume/run_001/snapshot_mapping_format_equivalences.json,5,NORMAL,YES,NO,CANDIDATE_ONLY_ALL_STAGING_BLOCKED
03_Compliance/reports/phase_2/freeze/promotion_resume/run_001/snapshot_mapping_format_equivalences.stderr.txt,0,NORMAL,YES,NO,CANDIDATE_ONLY_ALL_STAGING_BLOCKED
03_Compliance/reports/phase_2/freeze/promotion_resume/run_001/snapshot_source_documents.exit_code.txt,1,NORMAL,YES,NO,CANDIDATE_ONLY_ALL_STAGING_BLOCKED
03_Compliance/reports/phase_2/freeze/promotion_resume/run_001/snapshot_source_documents.json,7393,NORMAL,YES,NO,CANDIDATE_ONLY_ALL_STAGING_BLOCKED
03_Compliance/reports/phase_2/freeze/promotion_resume/run_001/snapshot_source_documents.stderr.txt,0,NORMAL,YES,NO,CANDIDATE_ONLY_ALL_STAGING_BLOCKED
03_Compliance/reports/phase_2/freeze/promotion_resume/run_001/snapshot_source_provisions.exit_code.txt,1,NORMAL,YES,NO,CANDIDATE_ONLY_ALL_STAGING_BLOCKED
03_Compliance/reports/phase_2/freeze/promotion_resume/run_001/snapshot_source_provisions.json,40439,NORMAL,YES,NO,CANDIDATE_ONLY_ALL_STAGING_BLOCKED
03_Compliance/reports/phase_2/freeze/promotion_resume/run_001/snapshot_source_provisions.stderr.txt,0,NORMAL,YES,NO,CANDIDATE_ONLY_ALL_STAGING_BLOCKED
03_Compliance/reports/phase_2/freeze/promotion_resume/run_001/snapshot_source_relationships.exit_code.txt,1,NORMAL,YES,NO,CANDIDATE_ONLY_ALL_STAGING_BLOCKED
03_Compliance/reports/phase_2/freeze/promotion_resume/run_001/snapshot_source_relationships.json,2348,NORMAL,YES,NO,CANDIDATE_ONLY_ALL_STAGING_BLOCKED
03_Compliance/reports/phase_2/freeze/promotion_resume/run_001/snapshot_source_relationships.stderr.txt,0,NORMAL,YES,NO,CANDIDATE_ONLY_ALL_STAGING_BLOCKED
03_Compliance/reports/phase_2/freeze/promotion_resume/run_001/test_eu_2017_1926_annex_1_1.exit_code.txt,1,NORMAL,YES,NO,CANDIDATE_ONLY_ALL_STAGING_BLOCKED
03_Compliance/reports/phase_2/freeze/promotion_resume/run_001/test_eu_2017_1926_annex_1_1.json,664,NORMAL,YES,NO,CANDIDATE_ONLY_ALL_STAGING_BLOCKED
03_Compliance/reports/phase_2/freeze/promotion_resume/run_001/test_eu_2017_1926_annex_1_1.stderr.txt,0,NORMAL,YES,NO,CANDIDATE_ONLY_ALL_STAGING_BLOCKED
03_Compliance/reports/phase_2/freeze/promotion_resume/run_001/test_eu_2017_1926_annex_1_2.exit_code.txt,1,NORMAL,YES,NO,CANDIDATE_ONLY_ALL_STAGING_BLOCKED
03_Compliance/reports/phase_2/freeze/promotion_resume/run_001/test_eu_2017_1926_annex_1_2.json,659,NORMAL,YES,NO,CANDIDATE_ONLY_ALL_STAGING_BLOCKED
03_Compliance/reports/phase_2/freeze/promotion_resume/run_001/test_eu_2017_1926_annex_1_2.stderr.txt,0,NORMAL,YES,NO,CANDIDATE_ONLY_ALL_STAGING_BLOCKED
03_Compliance/reports/phase_2/freeze/promotion_resume/run_001/test_eu_2017_1926_annex_1_3.exit_code.txt,1,NORMAL,YES,NO,CANDIDATE_ONLY_ALL_STAGING_BLOCKED
03_Compliance/reports/phase_2/freeze/promotion_resume/run_001/test_eu_2017_1926_annex_1_3.json,659,NORMAL,YES,NO,CANDIDATE_ONLY_ALL_STAGING_BLOCKED
03_Compliance/reports/phase_2/freeze/promotion_resume/run_001/test_eu_2017_1926_annex_1_3.stderr.txt,0,NORMAL,YES,NO,CANDIDATE_ONLY_ALL_STAGING_BLOCKED
03_Compliance/reports/phase_2/freeze/promotion_resume/run_001/test_eu_2017_1926_annex_1_4.exit_code.txt,1,NORMAL,YES,NO,CANDIDATE_ONLY_ALL_STAGING_BLOCKED
03_Compliance/reports/phase_2/freeze/promotion_resume/run_001/test_eu_2017_1926_annex_1_4.json,659,NORMAL,YES,NO,CANDIDATE_ONLY_ALL_STAGING_BLOCKED
03_Compliance/reports/phase_2/freeze/promotion_resume/run_001/test_eu_2017_1926_annex_1_4.stderr.txt,0,NORMAL,YES,NO,CANDIDATE_ONLY_ALL_STAGING_BLOCKED
03_Compliance/reports/phase_2/freeze/promotion_resume/run_001/test_eu_2017_1926_annex_2_1.exit_code.txt,1,NORMAL,YES,NO,CANDIDATE_ONLY_ALL_STAGING_BLOCKED
03_Compliance/reports/phase_2/freeze/promotion_resume/run_001/test_eu_2017_1926_annex_2_1.json,655,NORMAL,YES,NO,CANDIDATE_ONLY_ALL_STAGING_BLOCKED
03_Compliance/reports/phase_2/freeze/promotion_resume/run_001/test_eu_2017_1926_annex_2_1.stderr.txt,0,NORMAL,YES,NO,CANDIDATE_ONLY_ALL_STAGING_BLOCKED
03_Compliance/reports/phase_2/freeze/promotion_resume/run_001/test_eu_2017_1926_annex_2_2.exit_code.txt,1,NORMAL,YES,NO,CANDIDATE_ONLY_ALL_STAGING_BLOCKED
03_Compliance/reports/phase_2/freeze/promotion_resume/run_001/test_eu_2017_1926_annex_2_2.json,655,NORMAL,YES,NO,CANDIDATE_ONLY_ALL_STAGING_BLOCKED
03_Compliance/reports/phase_2/freeze/promotion_resume/run_001/test_eu_2017_1926_annex_2_2.stderr.txt,0,NORMAL,YES,NO,CANDIDATE_ONLY_ALL_STAGING_BLOCKED
03_Compliance/reports/phase_2/freeze/promotion_resume/run_001/test_eu_2017_1926_annex_2_3.exit_code.txt,1,NORMAL,YES,NO,CANDIDATE_ONLY_ALL_STAGING_BLOCKED
03_Compliance/reports/phase_2/freeze/promotion_resume/run_001/test_eu_2017_1926_annex_2_3.json,652,NORMAL,YES,NO,CANDIDATE_ONLY_ALL_STAGING_BLOCKED
03_Compliance/reports/phase_2/freeze/promotion_resume/run_001/test_eu_2017_1926_annex_2_3.stderr.txt,0,NORMAL,YES,NO,CANDIDATE_ONLY_ALL_STAGING_BLOCKED
03_Compliance/reports/phase_2/freeze/promotion_resume/run_001/test_eu_2017_1926_master_structure.exit_code.txt,1,NORMAL,YES,NO,CANDIDATE_ONLY_ALL_STAGING_BLOCKED
03_Compliance/reports/phase_2/freeze/promotion_resume/run_001/test_eu_2017_1926_master_structure.json,2622,NORMAL,YES,NO,CANDIDATE_ONLY_ALL_STAGING_BLOCKED
03_Compliance/reports/phase_2/freeze/promotion_resume/run_001/test_eu_2017_1926_master_structure.stderr.txt,0,NORMAL,YES,NO,CANDIDATE_ONLY_ALL_STAGING_BLOCKED
03_Compliance/reports/phase_2/freeze/promotion_resume/run_001/test_phase_1_invariants.exit_code.txt,1,NORMAL,YES,NO,CANDIDATE_ONLY_ALL_STAGING_BLOCKED
03_Compliance/reports/phase_2/freeze/promotion_resume/run_001/test_phase_1_invariants.json,8316,NORMAL,YES,NO,CANDIDATE_ONLY_ALL_STAGING_BLOCKED
03_Compliance/reports/phase_2/freeze/promotion_resume/run_001/test_phase_1_invariants.stderr.txt,0,NORMAL,YES,NO,CANDIDATE_ONLY_ALL_STAGING_BLOCKED
03_Compliance/reports/phase_2/freeze/promotion_resume/run_001/test_phase_2_post_materialization_gate.exit_code.txt,1,NORMAL,YES,NO,CANDIDATE_ONLY_ALL_STAGING_BLOCKED
03_Compliance/reports/phase_2/freeze/promotion_resume/run_001/test_phase_2_post_materialization_gate.json,37634,NORMAL,YES,NO,CANDIDATE_ONLY_ALL_STAGING_BLOCKED
03_Compliance/reports/phase_2/freeze/promotion_resume/run_001/test_phase_2_post_materialization_gate.stderr.txt,0,NORMAL,YES,NO,CANDIDATE_ONLY_ALL_STAGING_BLOCKED
03_Compliance/reports/phase_2/freeze/review_phase_2_freeze.py,31860,NORMAL,YES,NO,CANDIDATE_ONLY_ALL_STAGING_BLOCKED
03_Compliance/reports/phase_2/materialization/ARTIFACT_MANIFEST.csv,10919,NORMAL,YES,NO,CANDIDATE_ONLY_ALL_STAGING_BLOCKED
03_Compliance/reports/phase_2/materialization/CONTROLLED_TRANSACTION.sql,719497,NORMAL,YES,NO,CANDIDATE_ONLY_ALL_STAGING_BLOCKED
03_Compliance/reports/phase_2/materialization/DATABASE_AFTER.json,416410,NORMAL,YES,NO,CANDIDATE_ONLY_ALL_STAGING_BLOCKED
03_Compliance/reports/phase_2/materialization/DATABASE_BEFORE.json,181308,NORMAL,YES,NO,CANDIDATE_ONLY_ALL_STAGING_BLOCKED
03_Compliance/reports/phase_2/materialization/DEADLINES_AFTER.csv,6761,NORMAL,YES,NO,CANDIDATE_ONLY_ALL_STAGING_BLOCKED
03_Compliance/reports/phase_2/materialization/DEADLINES_BEFORE.csv,482,NORMAL,YES,NO,CANDIDATE_ONLY_ALL_STAGING_BLOCKED
03_Compliance/reports/phase_2/materialization/DEADLINE_MATERIALIZATION_PLAN.csv,5370,NORMAL,YES,NO,CANDIDATE_ONLY_ALL_STAGING_BLOCKED
03_Compliance/reports/phase_2/materialization/DISCOVERED_SCHEMA.json,6913,NORMAL,YES,NO,CANDIDATE_ONLY_ALL_STAGING_BLOCKED
03_Compliance/reports/phase_2/materialization/EXECUTION_NOTES.md,1290,NORMAL,YES,NO,CANDIDATE_ONLY_ALL_STAGING_BLOCKED
03_Compliance/reports/phase_2/materialization/EXISTING_REQUIREMENTS_RECONCILIATION.json,3430,NORMAL,YES,NO,CANDIDATE_ONLY_ALL_STAGING_BLOCKED
03_Compliance/reports/phase_2/materialization/FINAL_RESULT.json,10389,NORMAL,YES,NO,CANDIDATE_ONLY_ALL_STAGING_BLOCKED
03_Compliance/reports/phase_2/materialization/GIT_STATUS_AFTER.txt,127,NORMAL,YES,NO,CANDIDATE_ONLY_ALL_STAGING_BLOCKED
03_Compliance/reports/phase_2/materialization/GIT_STATUS_BEFORE.txt,127,NORMAL,YES,NO,CANDIDATE_ONLY_ALL_STAGING_BLOCKED
03_Compliance/reports/phase_2/materialization/MATERIALIZATION_POST_WRITE_STATE.json,2565,NORMAL,YES,NO,CANDIDATE_ONLY_ALL_STAGING_BLOCKED
03_Compliance/reports/phase_2/materialization/MATERIALIZATION_PRE_WRITE_STATE.json,3296,NORMAL,YES,NO,CANDIDATE_ONLY_ALL_STAGING_BLOCKED
03_Compliance/reports/phase_2/materialization/MATERIALIZED_REQUIREMENT_UNIVERSE.csv,8820,NORMAL,YES,NO,CANDIDATE_ONLY_ALL_STAGING_BLOCKED
03_Compliance/reports/phase_2/materialization/PHASE_2_REQUIREMENTS_DATABASE_DELTA.md,3082,NORMAL,YES,NO,CANDIDATE_ONLY_ALL_STAGING_BLOCKED
03_Compliance/reports/phase_2/materialization/PHASE_2_REQUIREMENTS_MATERIALIZATION.md,8125,NORMAL,YES,NO,CANDIDATE_ONLY_ALL_STAGING_BLOCKED
03_Compliance/reports/phase_2/materialization/PREPARED_INSERTS.json,236358,NORMAL,YES,NO,CANDIDATE_ONLY_ALL_STAGING_BLOCKED
03_Compliance/reports/phase_2/materialization/PROTECTED_FILE_HASHES.json,36308,NORMAL,YES,NO,CANDIDATE_ONLY_ALL_STAGING_BLOCKED
03_Compliance/reports/phase_2/materialization/REQUIREMENTS_AFTER.csv,188404,NORMAL,YES,NO,CANDIDATE_ONLY_ALL_STAGING_BLOCKED
03_Compliance/reports/phase_2/materialization/REQUIREMENTS_BEFORE.csv,1982,NORMAL,YES,NO,CANDIDATE_ONLY_ALL_STAGING_BLOCKED
03_Compliance/reports/phase_2/materialization/REQUIREMENTS_MATERIALIZATION_DRY_RUN.md,1111,NORMAL,YES,NO,CANDIDATE_ONLY_ALL_STAGING_BLOCKED
03_Compliance/reports/phase_2/materialization/REQUIREMENTS_MATERIALIZATION_INPUT.csv,90083,NORMAL,YES,NO,CANDIDATE_ONLY_ALL_STAGING_BLOCKED
03_Compliance/reports/phase_2/materialization/REQUIREMENT_ID_MAP.csv,5823,NORMAL,YES,NO,CANDIDATE_ONLY_ALL_STAGING_BLOCKED
03_Compliance/reports/phase_2/materialization/SOURCE_FACTS_AFTER.csv,20820,NORMAL,YES,NO,CANDIDATE_ONLY_ALL_STAGING_BLOCKED
03_Compliance/reports/phase_2/materialization/SOURCE_FACTS_BEFORE.csv,20820,NORMAL,YES,NO,CANDIDATE_ONLY_ALL_STAGING_BLOCKED
03_Compliance/reports/phase_2/materialization/TEST_RESULTS.csv,1240,NORMAL,YES,NO,CANDIDATE_ONLY_ALL_STAGING_BLOCKED
03_Compliance/reports/phase_2/materialization/TRANSACTION.exit_code.txt,1,NORMAL,YES,NO,CANDIDATE_ONLY_ALL_STAGING_BLOCKED
03_Compliance/reports/phase_2/materialization/TRANSACTION.json,37284,NORMAL,YES,NO,CANDIDATE_ONLY_ALL_STAGING_BLOCKED
03_Compliance/reports/phase_2/materialization/TRANSACTION.stderr.txt,0,NORMAL,YES,NO,CANDIDATE_ONLY_ALL_STAGING_BLOCKED
03_Compliance/reports/phase_2/materialization/TRANSACTION_STATUS.json,56,NORMAL,YES,NO,CANDIDATE_ONLY_ALL_STAGING_BLOCKED
03_Compliance/reports/phase_2/materialization/materialize_requirements.py,27040,NORMAL,YES,NO,CANDIDATE_ONLY_ALL_STAGING_BLOCKED
03_Compliance/reports/phase_2/materialization/test_eu_2017_1926_annex_1_1.exit_code.txt,1,NORMAL,YES,NO,CANDIDATE_ONLY_ALL_STAGING_BLOCKED
03_Compliance/reports/phase_2/materialization/test_eu_2017_1926_annex_1_1.json,655,NORMAL,YES,NO,CANDIDATE_ONLY_ALL_STAGING_BLOCKED
03_Compliance/reports/phase_2/materialization/test_eu_2017_1926_annex_1_1.stderr.txt,0,NORMAL,YES,NO,CANDIDATE_ONLY_ALL_STAGING_BLOCKED
03_Compliance/reports/phase_2/materialization/test_eu_2017_1926_annex_1_2.exit_code.txt,1,NORMAL,YES,NO,CANDIDATE_ONLY_ALL_STAGING_BLOCKED
03_Compliance/reports/phase_2/materialization/test_eu_2017_1926_annex_1_2.json,650,NORMAL,YES,NO,CANDIDATE_ONLY_ALL_STAGING_BLOCKED
03_Compliance/reports/phase_2/materialization/test_eu_2017_1926_annex_1_2.stderr.txt,0,NORMAL,YES,NO,CANDIDATE_ONLY_ALL_STAGING_BLOCKED
03_Compliance/reports/phase_2/materialization/test_eu_2017_1926_annex_1_3.exit_code.txt,1,NORMAL,YES,NO,CANDIDATE_ONLY_ALL_STAGING_BLOCKED
03_Compliance/reports/phase_2/materialization/test_eu_2017_1926_annex_1_3.json,650,NORMAL,YES,NO,CANDIDATE_ONLY_ALL_STAGING_BLOCKED
03_Compliance/reports/phase_2/materialization/test_eu_2017_1926_annex_1_3.stderr.txt,0,NORMAL,YES,NO,CANDIDATE_ONLY_ALL_STAGING_BLOCKED
03_Compliance/reports/phase_2/materialization/test_eu_2017_1926_annex_1_4.exit_code.txt,1,NORMAL,YES,NO,CANDIDATE_ONLY_ALL_STAGING_BLOCKED
03_Compliance/reports/phase_2/materialization/test_eu_2017_1926_annex_1_4.json,650,NORMAL,YES,NO,CANDIDATE_ONLY_ALL_STAGING_BLOCKED
03_Compliance/reports/phase_2/materialization/test_eu_2017_1926_annex_1_4.stderr.txt,0,NORMAL,YES,NO,CANDIDATE_ONLY_ALL_STAGING_BLOCKED
03_Compliance/reports/phase_2/materialization/test_eu_2017_1926_annex_2_1.exit_code.txt,1,NORMAL,YES,NO,CANDIDATE_ONLY_ALL_STAGING_BLOCKED
03_Compliance/reports/phase_2/materialization/test_eu_2017_1926_annex_2_1.json,646,NORMAL,YES,NO,CANDIDATE_ONLY_ALL_STAGING_BLOCKED
03_Compliance/reports/phase_2/materialization/test_eu_2017_1926_annex_2_1.stderr.txt,0,NORMAL,YES,NO,CANDIDATE_ONLY_ALL_STAGING_BLOCKED
03_Compliance/reports/phase_2/materialization/test_eu_2017_1926_annex_2_2.exit_code.txt,1,NORMAL,YES,NO,CANDIDATE_ONLY_ALL_STAGING_BLOCKED
03_Compliance/reports/phase_2/materialization/test_eu_2017_1926_annex_2_2.json,646,NORMAL,YES,NO,CANDIDATE_ONLY_ALL_STAGING_BLOCKED
03_Compliance/reports/phase_2/materialization/test_eu_2017_1926_annex_2_2.stderr.txt,0,NORMAL,YES,NO,CANDIDATE_ONLY_ALL_STAGING_BLOCKED
03_Compliance/reports/phase_2/materialization/test_eu_2017_1926_annex_2_3.exit_code.txt,1,NORMAL,YES,NO,CANDIDATE_ONLY_ALL_STAGING_BLOCKED
03_Compliance/reports/phase_2/materialization/test_eu_2017_1926_annex_2_3.json,643,NORMAL,YES,NO,CANDIDATE_ONLY_ALL_STAGING_BLOCKED
03_Compliance/reports/phase_2/materialization/test_eu_2017_1926_annex_2_3.stderr.txt,0,NORMAL,YES,NO,CANDIDATE_ONLY_ALL_STAGING_BLOCKED
03_Compliance/reports/phase_2/materialization/test_eu_2017_1926_master_structure.exit_code.txt,1,NORMAL,YES,NO,CANDIDATE_ONLY_ALL_STAGING_BLOCKED
03_Compliance/reports/phase_2/materialization/test_eu_2017_1926_master_structure.json,2587,NORMAL,YES,NO,CANDIDATE_ONLY_ALL_STAGING_BLOCKED
03_Compliance/reports/phase_2/materialization/test_eu_2017_1926_master_structure.stderr.txt,0,NORMAL,YES,NO,CANDIDATE_ONLY_ALL_STAGING_BLOCKED
03_Compliance/reports/phase_2/materialization/test_phase_1_invariants.exit_code.txt,1,NORMAL,YES,NO,CANDIDATE_ONLY_ALL_STAGING_BLOCKED
03_Compliance/reports/phase_2/materialization/test_phase_1_invariants.json,8278,NORMAL,YES,NO,CANDIDATE_ONLY_ALL_STAGING_BLOCKED
03_Compliance/reports/phase_2/materialization/test_phase_1_invariants.stderr.txt,0,NORMAL,YES,NO,CANDIDATE_ONLY_ALL_STAGING_BLOCKED
03_Compliance/reports/phase_2/materialization/test_phase_1_master.exit_code.txt,1,NORMAL,YES,NO,CANDIDATE_ONLY_ALL_STAGING_BLOCKED
03_Compliance/reports/phase_2/materialization/test_phase_1_master.json,8531,NORMAL,YES,NO,CANDIDATE_ONLY_ALL_STAGING_BLOCKED
03_Compliance/reports/phase_2/materialization/test_phase_1_master.stderr.txt,0,NORMAL,YES,NO,CANDIDATE_ONLY_ALL_STAGING_BLOCKED
03_Compliance/reports/phase_2/materialization/test_phase_2_master.exit_code.txt,1,NORMAL,YES,NO,CANDIDATE_ONLY_ALL_STAGING_BLOCKED
03_Compliance/reports/phase_2/materialization/test_phase_2_master.json,2402,NORMAL,YES,NO,CANDIDATE_ONLY_ALL_STAGING_BLOCKED
03_Compliance/reports/phase_2/materialization/test_phase_2_master.stderr.txt,0,NORMAL,YES,NO,CANDIDATE_ONLY_ALL_STAGING_BLOCKED
03_Compliance/reports/phase_2/materialization/test_phase_2_post_materialization_gate.exit_code.txt,1,NORMAL,YES,NO,CANDIDATE_ONLY_ALL_STAGING_BLOCKED
03_Compliance/reports/phase_2/materialization/test_phase_2_post_materialization_gate.json,37247,NORMAL,YES,NO,CANDIDATE_ONLY_ALL_STAGING_BLOCKED
03_Compliance/reports/phase_2/materialization/test_phase_2_post_materialization_gate.stderr.txt,0,NORMAL,YES,NO,CANDIDATE_ONLY_ALL_STAGING_BLOCKED
03_Compliance/reports/phase_2/materialization/test_phase_2_pre_materialization_gate.exit_code.txt,1,NORMAL,YES,NO,CANDIDATE_ONLY_ALL_STAGING_BLOCKED
03_Compliance/reports/phase_2/materialization/test_phase_2_pre_materialization_gate.json,4567,NORMAL,YES,NO,CANDIDATE_ONLY_ALL_STAGING_BLOCKED
03_Compliance/reports/phase_2/materialization/test_phase_2_pre_materialization_gate.stderr.txt,0,NORMAL,YES,NO,CANDIDATE_ONLY_ALL_STAGING_BLOCKED
03_Compliance/reports/phase_2/review/EU_2017_1926_HUMAN_REVIEW.csv,33884,NORMAL,YES,NO,CANDIDATE_ONLY_ALL_STAGING_BLOCKED
03_Compliance/reports/phase_2/review/EU_2017_1926_HUMAN_REVIEW.md,121717,NORMAL,YES,NO,CANDIDATE_ONLY_ALL_STAGING_BLOCKED
03_Compliance/reports/phase_2/review/gate_1/CONDITIONAL_REQUIREMENTS_V1.csv,8041,NORMAL,YES,NO,CANDIDATE_ONLY_ALL_STAGING_BLOCKED
03_Compliance/reports/phase_2/review/gate_1/DEADLINE_REVIEW_V1.csv,8142,NORMAL,YES,NO,CANDIDATE_ONLY_ALL_STAGING_BLOCKED
03_Compliance/reports/phase_2/review/gate_1/EXTERNAL_DEPENDENCIES_V1.csv,1825,NORMAL,YES,NO,CANDIDATE_ONLY_ALL_STAGING_BLOCKED
03_Compliance/reports/phase_2/review/gate_1/GATE_1_RECONCILIATION.csv,1873,NORMAL,YES,NO,CANDIDATE_ONLY_ALL_STAGING_BLOCKED
03_Compliance/reports/phase_2/review/gate_1/GATE_1_RECONCILIATION.md,5370,NORMAL,YES,NO,CANDIDATE_ONLY_ALL_STAGING_BLOCKED
03_Compliance/reports/phase_2/review/gate_1/HUMAN_DECISION_MATRIX_V1.csv,46264,NORMAL,YES,NO,CANDIDATE_ONLY_ALL_STAGING_BLOCKED
03_Compliance/reports/phase_2/review/gate_1/HUMAN_DECISION_MATRIX_V1.md,12419,NORMAL,YES,NO,CANDIDATE_ONLY_ALL_STAGING_BLOCKED
03_Compliance/reports/phase_2/review/gate_1/HUMAN_REVIEW_GATE_1_SUMMARY.md,5370,NORMAL,YES,NO,CANDIDATE_ONLY_ALL_STAGING_BLOCKED
03_Compliance/reports/phase_2/review/gate_1/MISSING_CANDIDATES_V1.csv,1715,NORMAL,YES,NO,CANDIDATE_ONLY_ALL_STAGING_BLOCKED
03_Compliance/reports/phase_2/review/gate_1/MISSING_CANDIDATES_V2.csv,3290,NORMAL,YES,NO,CANDIDATE_ONLY_ALL_STAGING_BLOCKED
03_Compliance/reports/phase_2/review/gate_1/PROPOSED_ATOMIC_REQUIREMENTS_V1.csv,36084,NORMAL,YES,NO,CANDIDATE_ONLY_ALL_STAGING_BLOCKED
03_Compliance/reports/phase_2/review/gate_2/GATE_2_ACTORS.csv,37625,NORMAL,YES,NO,CANDIDATE_ONLY_ALL_STAGING_BLOCKED
03_Compliance/reports/phase_2/review/gate_2/GATE_2_ATOMICITY.csv,32670,NORMAL,YES,NO,CANDIDATE_ONLY_ALL_STAGING_BLOCKED
03_Compliance/reports/phase_2/review/gate_2/GATE_2_AUDITABILITY.csv,34856,NORMAL,YES,NO,CANDIDATE_ONLY_ALL_STAGING_BLOCKED
03_Compliance/reports/phase_2/review/gate_2/GATE_2_CONDITIONALITY.csv,36134,NORMAL,YES,NO,CANDIDATE_ONLY_ALL_STAGING_BLOCKED
03_Compliance/reports/phase_2/review/gate_2/GATE_2_EXCEPTIONS.csv,15978,NORMAL,YES,NO,CANDIDATE_ONLY_ALL_STAGING_BLOCKED
03_Compliance/reports/phase_2/review/gate_2/GATE_2_EXISTING_MATERIALIZATION.csv,2118,NORMAL,YES,NO,CANDIDATE_ONLY_ALL_STAGING_BLOCKED
03_Compliance/reports/phase_2/review/gate_2/GATE_2_EXTERNAL_DEPENDENCIES.csv,6506,NORMAL,YES,NO,CANDIDATE_ONLY_ALL_STAGING_BLOCKED
03_Compliance/reports/phase_2/review/gate_2/GATE_2_REVIEW_PACK.csv,74673,NORMAL,YES,NO,CANDIDATE_ONLY_ALL_STAGING_BLOCKED
03_Compliance/reports/phase_2/review/gate_2/GATE_2_REVIEW_PACK.md,41178,NORMAL,YES,NO,CANDIDATE_ONLY_ALL_STAGING_BLOCKED
03_Compliance/reports/phase_2/review/gate_2/GATE_2_SOURCE_FIDELITY.csv,34459,NORMAL,YES,NO,CANDIDATE_ONLY_ALL_STAGING_BLOCKED
03_Compliance/reports/phase_2/review/gate_2/GATE_2_TEMPORAL.csv,38912,NORMAL,YES,NO,CANDIDATE_ONLY_ALL_STAGING_BLOCKED
03_Compliance/reports/phase_2/review/gate_2/HUMAN_REVIEW_GATE_2_SUMMARY.md,2543,NORMAL,YES,NO,CANDIDATE_ONLY_ALL_STAGING_BLOCKED
03_Compliance/reports/phase_2/review/gate_2/materialization/ARTICLE_9_3_SOURCE_FACT_PERSISTENCE.csv,1362,NORMAL,YES,NO,CANDIDATE_ONLY_ALL_STAGING_BLOCKED
03_Compliance/reports/phase_2/review/gate_2/materialization/ARTICLE_9_3_SOURCE_FACT_PERSISTENCE.md,3336,NORMAL,YES,NO,CANDIDATE_ONLY_ALL_STAGING_BLOCKED
03_Compliance/reports/phase_2/review/gate_2/materialization/ARTICLE_9_3_SOURCE_FACT_PRE_WRITE.csv,246,NORMAL,YES,NO,CANDIDATE_ONLY_ALL_STAGING_BLOCKED
03_Compliance/reports/phase_2/review/gate_2/materialization/ARTICLE_9_SOURCE_FACTS_AFTER.csv,2099,NORMAL,YES,NO,CANDIDATE_ONLY_ALL_STAGING_BLOCKED
03_Compliance/reports/phase_2/review/gate_2/materialization/ARTICLE_9_SOURCE_FACTS_BEFORE.csv,1692,NORMAL,YES,NO,CANDIDATE_ONLY_ALL_STAGING_BLOCKED
03_Compliance/reports/phase_2/review/gate_2/materialization/CONTROLLED_TRANSACTION.sql,12296,NORMAL,YES,NO,CANDIDATE_ONLY_ALL_STAGING_BLOCKED
03_Compliance/reports/phase_2/review/gate_2/materialization/DATABASE_AFTER.json,181308,NORMAL,YES,NO,CANDIDATE_ONLY_ALL_STAGING_BLOCKED
03_Compliance/reports/phase_2/review/gate_2/materialization/DATABASE_BEFORE.json,180664,NORMAL,YES,NO,CANDIDATE_ONLY_ALL_STAGING_BLOCKED
03_Compliance/reports/phase_2/review/gate_2/materialization/DATABASE_TABLE_DELTA.csv,2600,NORMAL,YES,NO,CANDIDATE_ONLY_ALL_STAGING_BLOCKED
03_Compliance/reports/phase_2/review/gate_2/materialization/EXECUTION_EXIT_CODE.txt,3,NORMAL,YES,NO,CANDIDATE_ONLY_ALL_STAGING_BLOCKED
03_Compliance/reports/phase_2/review/gate_2/materialization/FILES_CREATED.csv,5678,NORMAL,YES,NO,CANDIDATE_ONLY_ALL_STAGING_BLOCKED
03_Compliance/reports/phase_2/review/gate_2/materialization/FINAL_VERIFICATION.txt,440,NORMAL,YES,NO,CANDIDATE_ONLY_ALL_STAGING_BLOCKED
03_Compliance/reports/phase_2/review/gate_2/materialization/GATE_2_POST_SOURCE_FACT_ATOMIC_UNIVERSE.csv,89494,NORMAL,YES,NO,CANDIDATE_ONLY_ALL_STAGING_BLOCKED
03_Compliance/reports/phase_2/review/gate_2/materialization/GATE_2_POST_SOURCE_FACT_EXCEPTION_QUEUE.csv,118,NORMAL,YES,NO,CANDIDATE_ONLY_ALL_STAGING_BLOCKED
03_Compliance/reports/phase_2/review/gate_2/materialization/GIT_STATUS_AFTER.txt,127,NORMAL,YES,NO,CANDIDATE_ONLY_ALL_STAGING_BLOCKED
03_Compliance/reports/phase_2/review/gate_2/materialization/GIT_STATUS_BEFORE.txt,127,NORMAL,YES,NO,CANDIDATE_ONLY_ALL_STAGING_BLOCKED
03_Compliance/reports/phase_2/review/gate_2/materialization/HUMAN_REVIEW_GATE_2_CLOSURE.md,1253,NORMAL,YES,NO,CANDIDATE_ONLY_ALL_STAGING_BLOCKED
03_Compliance/reports/phase_2/review/gate_2/materialization/HUMAN_REVIEW_GATE_2_STATUS.md,939,NORMAL,YES,NO,CANDIDATE_ONLY_ALL_STAGING_BLOCKED
03_Compliance/reports/phase_2/review/gate_2/materialization/INPUT_HASHES_BEFORE.json,3539,NORMAL,YES,NO,CANDIDATE_ONLY_ALL_STAGING_BLOCKED
03_Compliance/reports/phase_2/review/gate_2/materialization/INTEGRITY_TEST_RESULTS.csv,8533,NORMAL,YES,NO,CANDIDATE_ONLY_ALL_STAGING_BLOCKED
03_Compliance/reports/phase_2/review/gate_2/materialization/LEGAL_SOURCE_HASH_CHECKS.csv,909,NORMAL,YES,NO,CANDIDATE_ONLY_ALL_STAGING_BLOCKED
03_Compliance/reports/phase_2/review/gate_2/materialization/SOURCE_FACT_DATABASE_DELTA.md,1682,NORMAL,YES,NO,CANDIDATE_ONLY_ALL_STAGING_BLOCKED
03_Compliance/reports/phase_2/review/gate_2/materialization/SOURCE_FACT_TESTS.exit_code.txt,3,NORMAL,YES,NO,CANDIDATE_ONLY_ALL_STAGING_BLOCKED
03_Compliance/reports/phase_2/review/gate_2/materialization/SOURCE_FACT_TESTS.json,434,NORMAL,YES,NO,CANDIDATE_ONLY_ALL_STAGING_BLOCKED
03_Compliance/reports/phase_2/review/gate_2/materialization/SOURCE_FACT_TESTS.stderr.txt,0,NORMAL,YES,NO,CANDIDATE_ONLY_ALL_STAGING_BLOCKED
03_Compliance/reports/phase_2/review/gate_2/materialization/TEST_BASELINE_RECONCILIATION.csv,1131,NORMAL,YES,NO,CANDIDATE_ONLY_ALL_STAGING_BLOCKED
03_Compliance/reports/phase_2/review/gate_2/materialization/TEST_BASELINE_RECONCILIATION.md,2048,NORMAL,YES,NO,CANDIDATE_ONLY_ALL_STAGING_BLOCKED
03_Compliance/reports/phase_2/review/gate_2/materialization/TRANSACTION_EXIT_CODE.txt,3,NORMAL,YES,NO,CANDIDATE_ONLY_ALL_STAGING_BLOCKED
03_Compliance/reports/phase_2/review/gate_2/materialization/TRANSACTION_VALIDATION.json,2370,NORMAL,YES,NO,CANDIDATE_ONLY_ALL_STAGING_BLOCKED
03_Compliance/reports/phase_2/review/gate_2/materialization/persist_article_9_3.py,20707,NORMAL,YES,NO,CANDIDATE_ONLY_ALL_STAGING_BLOCKED
03_Compliance/reports/phase_2/review/gate_2/materialization/reconcile_test_baseline.py,19785,NORMAL,YES,NO,CANDIDATE_ONLY_ALL_STAGING_BLOCKED
03_Compliance/reports/phase_2/review/gate_2/materialization/test_article_9_3_source_fact.sql,2136,NORMAL,YES,NO,CANDIDATE_ONLY_ALL_STAGING_BLOCKED
03_Compliance/reports/phase_2/review/gate_2/materialization/test_baseline_reconciliation_evidence/EXECUTION_EXIT_CODE.txt,3,NORMAL,YES,NO,CANDIDATE_ONLY_ALL_STAGING_BLOCKED
03_Compliance/reports/phase_2/review/gate_2/materialization/test_baseline_reconciliation_evidence/FILES_CREATED.csv,9831,NORMAL,YES,NO,CANDIDATE_ONLY_ALL_STAGING_BLOCKED
03_Compliance/reports/phase_2/review/gate_2/materialization/test_baseline_reconciliation_evidence/FINAL_VERIFICATION.json,1789,NORMAL,YES,NO,CANDIDATE_ONLY_ALL_STAGING_BLOCKED
03_Compliance/reports/phase_2/review/gate_2/materialization/test_baseline_reconciliation_evidence/GIT_STATUS_AFTER.txt,127,NORMAL,YES,NO,CANDIDATE_ONLY_ALL_STAGING_BLOCKED
03_Compliance/reports/phase_2/review/gate_2/materialization/test_baseline_reconciliation_evidence/GIT_STATUS_BEFORE.txt,127,NORMAL,YES,NO,CANDIDATE_ONLY_ALL_STAGING_BLOCKED
03_Compliance/reports/phase_2/review/gate_2/materialization/test_baseline_reconciliation_evidence/LEGAL_SOURCE_HASH_CHECKS.csv,909,NORMAL,YES,NO,CANDIDATE_ONLY_ALL_STAGING_BLOCKED
03_Compliance/reports/phase_2/review/gate_2/materialization/test_baseline_reconciliation_evidence/PROTECTED_FILE_HASHES_BEFORE.json,25264,NORMAL,YES,NO,CANDIDATE_ONLY_ALL_STAGING_BLOCKED
03_Compliance/reports/phase_2/review/gate_2/materialization/test_baseline_reconciliation_evidence/TEST_RESULTS.csv,14661,NORMAL,YES,NO,CANDIDATE_ONLY_ALL_STAGING_BLOCKED
03_Compliance/reports/phase_2/review/gate_2/materialization/test_baseline_reconciliation_evidence/test_article_9_3_source_fact.exit_code.txt,3,NORMAL,YES,NO,CANDIDATE_ONLY_ALL_STAGING_BLOCKED
03_Compliance/reports/phase_2/review/gate_2/materialization/test_baseline_reconciliation_evidence/test_article_9_3_source_fact.json,434,NORMAL,YES,NO,CANDIDATE_ONLY_ALL_STAGING_BLOCKED
03_Compliance/reports/phase_2/review/gate_2/materialization/test_baseline_reconciliation_evidence/test_article_9_3_source_fact.stderr.txt,0,NORMAL,YES,NO,CANDIDATE_ONLY_ALL_STAGING_BLOCKED
03_Compliance/reports/phase_2/review/gate_2/materialization/test_baseline_reconciliation_evidence/test_eu_2017_1926_annex_1_1.exit_code.txt,3,NORMAL,YES,NO,CANDIDATE_ONLY_ALL_STAGING_BLOCKED
03_Compliance/reports/phase_2/review/gate_2/materialization/test_baseline_reconciliation_evidence/test_eu_2017_1926_annex_1_1.json,655,NORMAL,YES,NO,CANDIDATE_ONLY_ALL_STAGING_BLOCKED
03_Compliance/reports/phase_2/review/gate_2/materialization/test_baseline_reconciliation_evidence/test_eu_2017_1926_annex_1_1.stderr.txt,0,NORMAL,YES,NO,CANDIDATE_ONLY_ALL_STAGING_BLOCKED
03_Compliance/reports/phase_2/review/gate_2/materialization/test_baseline_reconciliation_evidence/test_eu_2017_1926_annex_1_2.exit_code.txt,3,NORMAL,YES,NO,CANDIDATE_ONLY_ALL_STAGING_BLOCKED
03_Compliance/reports/phase_2/review/gate_2/materialization/test_baseline_reconciliation_evidence/test_eu_2017_1926_annex_1_2.json,650,NORMAL,YES,NO,CANDIDATE_ONLY_ALL_STAGING_BLOCKED
03_Compliance/reports/phase_2/review/gate_2/materialization/test_baseline_reconciliation_evidence/test_eu_2017_1926_annex_1_2.stderr.txt,0,NORMAL,YES,NO,CANDIDATE_ONLY_ALL_STAGING_BLOCKED
03_Compliance/reports/phase_2/review/gate_2/materialization/test_baseline_reconciliation_evidence/test_eu_2017_1926_annex_1_3.exit_code.txt,3,NORMAL,YES,NO,CANDIDATE_ONLY_ALL_STAGING_BLOCKED
03_Compliance/reports/phase_2/review/gate_2/materialization/test_baseline_reconciliation_evidence/test_eu_2017_1926_annex_1_3.json,650,NORMAL,YES,NO,CANDIDATE_ONLY_ALL_STAGING_BLOCKED
03_Compliance/reports/phase_2/review/gate_2/materialization/test_baseline_reconciliation_evidence/test_eu_2017_1926_annex_1_3.stderr.txt,0,NORMAL,YES,NO,CANDIDATE_ONLY_ALL_STAGING_BLOCKED
03_Compliance/reports/phase_2/review/gate_2/materialization/test_baseline_reconciliation_evidence/test_eu_2017_1926_annex_1_4.exit_code.txt,3,NORMAL,YES,NO,CANDIDATE_ONLY_ALL_STAGING_BLOCKED
03_Compliance/reports/phase_2/review/gate_2/materialization/test_baseline_reconciliation_evidence/test_eu_2017_1926_annex_1_4.json,650,NORMAL,YES,NO,CANDIDATE_ONLY_ALL_STAGING_BLOCKED
03_Compliance/reports/phase_2/review/gate_2/materialization/test_baseline_reconciliation_evidence/test_eu_2017_1926_annex_1_4.stderr.txt,0,NORMAL,YES,NO,CANDIDATE_ONLY_ALL_STAGING_BLOCKED
03_Compliance/reports/phase_2/review/gate_2/materialization/test_baseline_reconciliation_evidence/test_eu_2017_1926_annex_2_1.exit_code.txt,3,NORMAL,YES,NO,CANDIDATE_ONLY_ALL_STAGING_BLOCKED
03_Compliance/reports/phase_2/review/gate_2/materialization/test_baseline_reconciliation_evidence/test_eu_2017_1926_annex_2_1.json,646,NORMAL,YES,NO,CANDIDATE_ONLY_ALL_STAGING_BLOCKED
03_Compliance/reports/phase_2/review/gate_2/materialization/test_baseline_reconciliation_evidence/test_eu_2017_1926_annex_2_1.stderr.txt,0,NORMAL,YES,NO,CANDIDATE_ONLY_ALL_STAGING_BLOCKED
03_Compliance/reports/phase_2/review/gate_2/materialization/test_baseline_reconciliation_evidence/test_eu_2017_1926_annex_2_2.exit_code.txt,3,NORMAL,YES,NO,CANDIDATE_ONLY_ALL_STAGING_BLOCKED
03_Compliance/reports/phase_2/review/gate_2/materialization/test_baseline_reconciliation_evidence/test_eu_2017_1926_annex_2_2.json,646,NORMAL,YES,NO,CANDIDATE_ONLY_ALL_STAGING_BLOCKED
03_Compliance/reports/phase_2/review/gate_2/materialization/test_baseline_reconciliation_evidence/test_eu_2017_1926_annex_2_2.stderr.txt,0,NORMAL,YES,NO,CANDIDATE_ONLY_ALL_STAGING_BLOCKED
03_Compliance/reports/phase_2/review/gate_2/materialization/test_baseline_reconciliation_evidence/test_eu_2017_1926_annex_2_3.exit_code.txt,3,NORMAL,YES,NO,CANDIDATE_ONLY_ALL_STAGING_BLOCKED
03_Compliance/reports/phase_2/review/gate_2/materialization/test_baseline_reconciliation_evidence/test_eu_2017_1926_annex_2_3.json,643,NORMAL,YES,NO,CANDIDATE_ONLY_ALL_STAGING_BLOCKED
03_Compliance/reports/phase_2/review/gate_2/materialization/test_baseline_reconciliation_evidence/test_eu_2017_1926_annex_2_3.stderr.txt,0,NORMAL,YES,NO,CANDIDATE_ONLY_ALL_STAGING_BLOCKED
03_Compliance/reports/phase_2/review/gate_2/materialization/test_baseline_reconciliation_evidence/test_eu_2017_1926_master_structure.exit_code.txt,3,NORMAL,YES,NO,CANDIDATE_ONLY_ALL_STAGING_BLOCKED
03_Compliance/reports/phase_2/review/gate_2/materialization/test_baseline_reconciliation_evidence/test_eu_2017_1926_master_structure.json,2587,NORMAL,YES,NO,CANDIDATE_ONLY_ALL_STAGING_BLOCKED
03_Compliance/reports/phase_2/review/gate_2/materialization/test_baseline_reconciliation_evidence/test_eu_2017_1926_master_structure.stderr.txt,0,NORMAL,YES,NO,CANDIDATE_ONLY_ALL_STAGING_BLOCKED
03_Compliance/reports/phase_2/review/gate_2/materialization/test_baseline_reconciliation_evidence/test_phase_1_invariants.exit_code.txt,3,NORMAL,YES,NO,CANDIDATE_ONLY_ALL_STAGING_BLOCKED
03_Compliance/reports/phase_2/review/gate_2/materialization/test_baseline_reconciliation_evidence/test_phase_1_invariants.json,8278,NORMAL,YES,NO,CANDIDATE_ONLY_ALL_STAGING_BLOCKED
03_Compliance/reports/phase_2/review/gate_2/materialization/test_baseline_reconciliation_evidence/test_phase_1_invariants.stderr.txt,0,NORMAL,YES,NO,CANDIDATE_ONLY_ALL_STAGING_BLOCKED
03_Compliance/reports/phase_2/review/gate_2/materialization/test_baseline_reconciliation_evidence/test_phase_1_master.exit_code.txt,3,NORMAL,YES,NO,CANDIDATE_ONLY_ALL_STAGING_BLOCKED
03_Compliance/reports/phase_2/review/gate_2/materialization/test_baseline_reconciliation_evidence/test_phase_1_master.json,8530,NORMAL,YES,NO,CANDIDATE_ONLY_ALL_STAGING_BLOCKED
03_Compliance/reports/phase_2/review/gate_2/materialization/test_baseline_reconciliation_evidence/test_phase_1_master.stderr.txt,0,NORMAL,YES,NO,CANDIDATE_ONLY_ALL_STAGING_BLOCKED
03_Compliance/reports/phase_2/review/gate_2/materialization/test_baseline_reconciliation_evidence/test_phase_2_master.exit_code.txt,3,NORMAL,YES,NO,CANDIDATE_ONLY_ALL_STAGING_BLOCKED
03_Compliance/reports/phase_2/review/gate_2/materialization/test_baseline_reconciliation_evidence/test_phase_2_master.json,2401,NORMAL,YES,NO,CANDIDATE_ONLY_ALL_STAGING_BLOCKED
03_Compliance/reports/phase_2/review/gate_2/materialization/test_baseline_reconciliation_evidence/test_phase_2_master.stderr.txt,0,NORMAL,YES,NO,CANDIDATE_ONLY_ALL_STAGING_BLOCKED
03_Compliance/reports/phase_2/review/gate_2/materialization/test_baseline_reconciliation_evidence/test_phase_2_pre_materialization_gate.exit_code.txt,3,NORMAL,YES,NO,CANDIDATE_ONLY_ALL_STAGING_BLOCKED
03_Compliance/reports/phase_2/review/gate_2/materialization/test_baseline_reconciliation_evidence/test_phase_2_pre_materialization_gate.json,4564,NORMAL,YES,NO,CANDIDATE_ONLY_ALL_STAGING_BLOCKED
03_Compliance/reports/phase_2/review/gate_2/materialization/test_baseline_reconciliation_evidence/test_phase_2_pre_materialization_gate.stderr.txt,0,NORMAL,YES,NO,CANDIDATE_ONLY_ALL_STAGING_BLOCKED
03_Compliance/reports/phase_2/review/gate_2/materialization/test_eu_2017_1926_annex_1_1.exit_code.txt,3,NORMAL,YES,NO,CANDIDATE_ONLY_ALL_STAGING_BLOCKED
03_Compliance/reports/phase_2/review/gate_2/materialization/test_eu_2017_1926_annex_1_1.json,664,NORMAL,YES,NO,CANDIDATE_ONLY_ALL_STAGING_BLOCKED
03_Compliance/reports/phase_2/review/gate_2/materialization/test_eu_2017_1926_annex_1_1.stderr.txt,0,NORMAL,YES,NO,CANDIDATE_ONLY_ALL_STAGING_BLOCKED
03_Compliance/reports/phase_2/review/gate_2/materialization/test_eu_2017_1926_annex_1_2.exit_code.txt,3,NORMAL,YES,NO,CANDIDATE_ONLY_ALL_STAGING_BLOCKED
03_Compliance/reports/phase_2/review/gate_2/materialization/test_eu_2017_1926_annex_1_2.json,659,NORMAL,YES,NO,CANDIDATE_ONLY_ALL_STAGING_BLOCKED
03_Compliance/reports/phase_2/review/gate_2/materialization/test_eu_2017_1926_annex_1_2.stderr.txt,0,NORMAL,YES,NO,CANDIDATE_ONLY_ALL_STAGING_BLOCKED
03_Compliance/reports/phase_2/review/gate_2/materialization/test_eu_2017_1926_annex_1_3.exit_code.txt,3,NORMAL,YES,NO,CANDIDATE_ONLY_ALL_STAGING_BLOCKED
03_Compliance/reports/phase_2/review/gate_2/materialization/test_eu_2017_1926_annex_1_3.json,659,NORMAL,YES,NO,CANDIDATE_ONLY_ALL_STAGING_BLOCKED
03_Compliance/reports/phase_2/review/gate_2/materialization/test_eu_2017_1926_annex_1_3.stderr.txt,0,NORMAL,YES,NO,CANDIDATE_ONLY_ALL_STAGING_BLOCKED
03_Compliance/reports/phase_2/review/gate_2/materialization/test_eu_2017_1926_annex_1_4.exit_code.txt,3,NORMAL,YES,NO,CANDIDATE_ONLY_ALL_STAGING_BLOCKED
03_Compliance/reports/phase_2/review/gate_2/materialization/test_eu_2017_1926_annex_1_4.json,659,NORMAL,YES,NO,CANDIDATE_ONLY_ALL_STAGING_BLOCKED
03_Compliance/reports/phase_2/review/gate_2/materialization/test_eu_2017_1926_annex_1_4.stderr.txt,0,NORMAL,YES,NO,CANDIDATE_ONLY_ALL_STAGING_BLOCKED
03_Compliance/reports/phase_2/review/gate_2/materialization/test_eu_2017_1926_annex_2_1.exit_code.txt,3,NORMAL,YES,NO,CANDIDATE_ONLY_ALL_STAGING_BLOCKED
03_Compliance/reports/phase_2/review/gate_2/materialization/test_eu_2017_1926_annex_2_1.json,655,NORMAL,YES,NO,CANDIDATE_ONLY_ALL_STAGING_BLOCKED
03_Compliance/reports/phase_2/review/gate_2/materialization/test_eu_2017_1926_annex_2_1.stderr.txt,0,NORMAL,YES,NO,CANDIDATE_ONLY_ALL_STAGING_BLOCKED
03_Compliance/reports/phase_2/review/gate_2/materialization/test_eu_2017_1926_annex_2_2.exit_code.txt,3,NORMAL,YES,NO,CANDIDATE_ONLY_ALL_STAGING_BLOCKED
03_Compliance/reports/phase_2/review/gate_2/materialization/test_eu_2017_1926_annex_2_2.json,655,NORMAL,YES,NO,CANDIDATE_ONLY_ALL_STAGING_BLOCKED
03_Compliance/reports/phase_2/review/gate_2/materialization/test_eu_2017_1926_annex_2_2.stderr.txt,0,NORMAL,YES,NO,CANDIDATE_ONLY_ALL_STAGING_BLOCKED
03_Compliance/reports/phase_2/review/gate_2/materialization/test_eu_2017_1926_annex_2_3.exit_code.txt,3,NORMAL,YES,NO,CANDIDATE_ONLY_ALL_STAGING_BLOCKED
03_Compliance/reports/phase_2/review/gate_2/materialization/test_eu_2017_1926_annex_2_3.json,652,NORMAL,YES,NO,CANDIDATE_ONLY_ALL_STAGING_BLOCKED
03_Compliance/reports/phase_2/review/gate_2/materialization/test_eu_2017_1926_annex_2_3.stderr.txt,0,NORMAL,YES,NO,CANDIDATE_ONLY_ALL_STAGING_BLOCKED
03_Compliance/reports/phase_2/review/gate_2/materialization/test_eu_2017_1926_master_structure.exit_code.txt,3,NORMAL,YES,NO,CANDIDATE_ONLY_ALL_STAGING_BLOCKED
03_Compliance/reports/phase_2/review/gate_2/materialization/test_eu_2017_1926_master_structure.json,2622,NORMAL,YES,NO,CANDIDATE_ONLY_ALL_STAGING_BLOCKED
03_Compliance/reports/phase_2/review/gate_2/materialization/test_eu_2017_1926_master_structure.stderr.txt,0,NORMAL,YES,NO,CANDIDATE_ONLY_ALL_STAGING_BLOCKED
03_Compliance/reports/phase_2/review/gate_2/materialization/test_phase_1_master.exit_code.txt,3,NORMAL,YES,NO,CANDIDATE_ONLY_ALL_STAGING_BLOCKED
03_Compliance/reports/phase_2/review/gate_2/materialization/test_phase_1_master.json,8571,NORMAL,YES,NO,CANDIDATE_ONLY_ALL_STAGING_BLOCKED
03_Compliance/reports/phase_2/review/gate_2/materialization/test_phase_1_master.stderr.txt,0,NORMAL,YES,NO,CANDIDATE_ONLY_ALL_STAGING_BLOCKED
03_Compliance/reports/phase_2/review/gate_2/materialization/test_phase_2_master.exit_code.txt,3,NORMAL,YES,NO,CANDIDATE_ONLY_ALL_STAGING_BLOCKED
03_Compliance/reports/phase_2/review/gate_2/materialization/test_phase_2_master.json,2429,NORMAL,YES,NO,CANDIDATE_ONLY_ALL_STAGING_BLOCKED
03_Compliance/reports/phase_2/review/gate_2/materialization/test_phase_2_master.stderr.txt,0,NORMAL,YES,NO,CANDIDATE_ONLY_ALL_STAGING_BLOCKED
03_Compliance/reports/phase_2/review/gate_2/resolution/ARTICLE_9_3_SOURCE_FACT_PROPOSAL.csv,1318,NORMAL,YES,NO,CANDIDATE_ONLY_ALL_STAGING_BLOCKED
03_Compliance/reports/phase_2/review/gate_2/resolution/GATE_2_ACTOR_RESOLUTION.csv,6450,NORMAL,YES,NO,CANDIDATE_ONLY_ALL_STAGING_BLOCKED
03_Compliance/reports/phase_2/review/gate_2/resolution/GATE_2_ENCODING_CHECK.md,2571,NORMAL,YES,NO,CANDIDATE_ONLY_ALL_STAGING_BLOCKED
03_Compliance/reports/phase_2/review/gate_2/resolution/GATE_2_EXCEPTION_RESOLUTION.csv,10324,NORMAL,YES,NO,CANDIDATE_ONLY_ALL_STAGING_BLOCKED
03_Compliance/reports/phase_2/review/gate_2/resolution/GATE_2_EXCEPTION_RESOLUTION.md,7162,NORMAL,YES,NO,CANDIDATE_ONLY_ALL_STAGING_BLOCKED
03_Compliance/reports/phase_2/review/gate_2/resolution/GATE_2_FINAL_ATOMIC_UNIVERSE.csv,89497,NORMAL,YES,NO,CANDIDATE_ONLY_ALL_STAGING_BLOCKED
03_Compliance/reports/phase_2/review/gate_2/resolution/GATE_2_FINAL_ATOMIC_UNIVERSE.md,34374,NORMAL,YES,NO,CANDIDATE_ONLY_ALL_STAGING_BLOCKED
03_Compliance/reports/phase_2/review/gate_2/resolution/GATE_2_FINAL_EXCEPTION_QUEUE.csv,364,NORMAL,YES,NO,CANDIDATE_ONLY_ALL_STAGING_BLOCKED
03_Compliance/reports/phase_2/review/gate_2/resolution/GATE_2_SPLIT_RESOLUTION.csv,3104,NORMAL,YES,NO,CANDIDATE_ONLY_ALL_STAGING_BLOCKED
03_Compliance/reports/phase_2/review/gate_2/resolution/GATE_2_TEMPORAL_CORRECTIONS.csv,721,NORMAL,YES,NO,CANDIDATE_ONLY_ALL_STAGING_BLOCKED
03_Compliance/sql/00_setup/001_create_compliance_database.sql,11497,NORMAL,YES,NO,CANDIDATE_ONLY_ALL_STAGING_BLOCKED
03_Compliance/sql/00_setup/001_create_transit_compliance.sql,7883,NORMAL,YES,NO,CANDIDATE_ONLY_ALL_STAGING_BLOCKED
03_Compliance/sql/00_setup/002_complete_compliance_database.sql,9281,NORMAL,YES,NO,CANDIDATE_ONLY_ALL_STAGING_BLOCKED
03_Compliance/sql/00_setup/002_update_compliance_2026.sql,8380,NORMAL,YES,NO,CANDIDATE_ONLY_ALL_STAGING_BLOCKED
03_Compliance/sql/00_setup/003_phase_2_engine_schema.sql,3138,NORMAL,YES,NO,CANDIDATE_ONLY_ALL_STAGING_BLOCKED
03_Compliance/sql/00_setup/004_phase_2_2017_1926_seed.sql,44930,NORMAL,YES,NO,CANDIDATE_ONLY_ALL_STAGING_BLOCKED
03_Compliance/sql/00_setup/close_phase_1.ps1,9457,NORMAL,YES,NO,CANDIDATE_ONLY_ALL_STAGING_BLOCKED
03_Compliance/sql/00_setup/finalize_phase_1.ps1,20682,NORMAL,YES,NO,CANDIDATE_ONLY_ALL_STAGING_BLOCKED
03_Compliance/sql/00_setup/load_annex_1_2.ps1,18651,NORMAL,YES,NO,CANDIDATE_ONLY_ALL_STAGING_BLOCKED
03_Compliance/sql/00_setup/load_annex_1_3.ps1,17176,NORMAL,YES,NO,CANDIDATE_ONLY_ALL_STAGING_BLOCKED
03_Compliance/sql/00_setup/load_annex_1_4.ps1,16046,NORMAL,YES,NO,CANDIDATE_ONLY_ALL_STAGING_BLOCKED
03_Compliance/sql/00_setup/load_annex_2_1.ps1,11575,NORMAL,YES,NO,CANDIDATE_ONLY_ALL_STAGING_BLOCKED
03_Compliance/sql/00_setup/load_annex_2_2.ps1,12317,NORMAL,YES,NO,CANDIDATE_ONLY_ALL_STAGING_BLOCKED
03_Compliance/sql/00_setup/load_annex_2_3.ps1,10181,NORMAL,YES,NO,CANDIDATE_ONLY_ALL_STAGING_BLOCKED
03_Compliance/sql/00_setup/repair_phase_1_metadata.ps1,1943,NORMAL,YES,NO,CANDIDATE_ONLY_ALL_STAGING_BLOCKED
03_Compliance/sql/00_setup/run_phase_2_2017_1926.ps1,11701,NORMAL,YES,NO,CANDIDATE_ONLY_ALL_STAGING_BLOCKED
03_Compliance/sql/00_setup/setup_transit_compliance.ps1,11006,NORMAL,YES,NO,CANDIDATE_ONLY_ALL_STAGING_BLOCKED
03_Compliance/sql/00_setup/test_eu_2017_1926_master.ps1,19586,NORMAL,YES,NO,CANDIDATE_ONLY_ALL_STAGING_BLOCKED
03_Compliance/sql/00_setup/update_compliance_2026.ps1,17856,NORMAL,YES,NO,CANDIDATE_ONLY_ALL_STAGING_BLOCKED
03_Compliance/sql/01_sources/001_eu_2017_1926_provisions.sql,4457,NORMAL,YES,NO,CANDIDATE_ONLY_ALL_STAGING_BLOCKED
03_Compliance/sql/01_sources/002_eu_2017_1926_annex_1_1.sql,8517,NORMAL,YES,NO,CANDIDATE_ONLY_ALL_STAGING_BLOCKED
03_Compliance/sql/01_sources/003_eu_2017_1926_annex_1_2.sql,8414,NORMAL,YES,NO,CANDIDATE_ONLY_ALL_STAGING_BLOCKED
03_Compliance/sql/01_sources/004_eu_2017_1926_annex_1_3.sql,8898,NORMAL,YES,NO,CANDIDATE_ONLY_ALL_STAGING_BLOCKED
03_Compliance/sql/01_sources/005_eu_2017_1926_annex_1_4.sql,7927,NORMAL,YES,NO,CANDIDATE_ONLY_ALL_STAGING_BLOCKED
03_Compliance/sql/01_sources/006_eu_2017_1926_annex_2_1.sql,2962,NORMAL,YES,NO,CANDIDATE_ONLY_ALL_STAGING_BLOCKED
03_Compliance/sql/01_sources/007_eu_2017_1926_annex_2_2.sql,3615,NORMAL,YES,NO,CANDIDATE_ONLY_ALL_STAGING_BLOCKED
03_Compliance/sql/01_sources/008_eu_2017_1926_annex_2_3.sql,1168,NORMAL,YES,NO,CANDIDATE_ONLY_ALL_STAGING_BLOCKED
03_Compliance/sql/07_tests/phase_1/test_phase_1_invariants.sql,11575,NORMAL,YES,NO,CANDIDATE_ONLY_ALL_STAGING_BLOCKED
03_Compliance/sql/07_tests/phase_1/test_phase_1_master.sql,12113,NORMAL,YES,NO,CANDIDATE_ONLY_ALL_STAGING_BLOCKED
03_Compliance/sql/07_tests/phase_2/test_phase_2_master.sql,7639,NORMAL,YES,NO,CANDIDATE_ONLY_ALL_STAGING_BLOCKED
03_Compliance/sql/07_tests/phase_2/test_phase_2_post_materialization_gate.sql,523696,NORMAL,YES,NO,CANDIDATE_ONLY_ALL_STAGING_BLOCKED
03_Compliance/sql/07_tests/phase_2/test_phase_2_pre_materialization_gate.sql,15328,NORMAL,YES,NO,CANDIDATE_ONLY_ALL_STAGING_BLOCKED
03_Compliance/sql/07_tests/source/test_eu_2017_1926_annex_1_1.sql,8225,NORMAL,YES,NO,CANDIDATE_ONLY_ALL_STAGING_BLOCKED
03_Compliance/sql/07_tests/source/test_eu_2017_1926_annex_1_2.sql,5318,NORMAL,YES,NO,CANDIDATE_ONLY_ALL_STAGING_BLOCKED
03_Compliance/sql/07_tests/source/test_eu_2017_1926_annex_1_3.sql,4230,NORMAL,YES,NO,CANDIDATE_ONLY_ALL_STAGING_BLOCKED
03_Compliance/sql/07_tests/source/test_eu_2017_1926_annex_1_4.sql,4093,NORMAL,YES,NO,CANDIDATE_ONLY_ALL_STAGING_BLOCKED
03_Compliance/sql/07_tests/source/test_eu_2017_1926_annex_2_1.sql,4428,NORMAL,YES,NO,CANDIDATE_ONLY_ALL_STAGING_BLOCKED
03_Compliance/sql/07_tests/source/test_eu_2017_1926_annex_2_2.sql,4488,NORMAL,YES,NO,CANDIDATE_ONLY_ALL_STAGING_BLOCKED
03_Compliance/sql/07_tests/source/test_eu_2017_1926_annex_2_3.sql,4612,NORMAL,YES,NO,CANDIDATE_ONLY_ALL_STAGING_BLOCKED
03_Compliance/sql/07_tests/source/test_eu_2017_1926_master_structure.sql,17062,NORMAL,YES,NO,CANDIDATE_ONLY_ALL_STAGING_BLOCKED
07_Business/01_Governance/ASSUMPTIONS_REGISTER.md,6683,NORMAL,YES,NO,CANDIDATE_ONLY_ALL_STAGING_BLOCKED
07_Business/01_Governance/BUSINESS_MASTER_ROADMAP.md,9201,NORMAL,YES,NO,CANDIDATE_ONLY_ALL_STAGING_BLOCKED
07_Business/01_Governance/DECISION_LOG.md,13114,NORMAL,YES,NO,CANDIDATE_ONLY_ALL_STAGING_BLOCKED
07_Business/02_Capabilities/BASELINE_REVIEW_V1.md,12443,NORMAL,YES,NO,CANDIDATE_ONLY_ALL_STAGING_BLOCKED
07_Business/02_Capabilities/BUSINESS_CAPABILITY_BASELINE_V1.md,6885,NORMAL,YES,NO,CANDIDATE_ONLY_ALL_STAGING_BLOCKED
07_Business/02_Capabilities/CAPABILITY_GAPS.md,5251,NORMAL,YES,NO,CANDIDATE_ONLY_ALL_STAGING_BLOCKED
07_Business/02_Capabilities/CAPABILITY_REGISTER.md,35827,NORMAL,YES,NO,CANDIDATE_ONLY_ALL_STAGING_BLOCKED
07_Business/02_Capabilities/EVIDENCE_INDEX.md,39654,NORMAL,YES,NO,CANDIDATE_ONLY_ALL_STAGING_BLOCKED
07_Business/02_Capabilities/review_v1/baseline_hash_input.txt,255,NORMAL,YES,NO,CANDIDATE_ONLY_ALL_STAGING_BLOCKED
07_Business/02_Capabilities/review_v1/checks.json,52400,NORMAL,YES,NO,CANDIDATE_ONLY_ALL_STAGING_BLOCKED
07_Business/02_Capabilities/review_v1/compliance_catalog.exit_code.txt,1,NORMAL,YES,NO,CANDIDATE_ONLY_ALL_STAGING_BLOCKED
07_Business/02_Capabilities/review_v1/compliance_catalog.sql,75,NORMAL,YES,NO,CANDIDATE_ONLY_ALL_STAGING_BLOCKED
07_Business/02_Capabilities/review_v1/compliance_catalog.stderr.txt,0,NORMAL,YES,NO,CANDIDATE_ONLY_ALL_STAGING_BLOCKED
07_Business/02_Capabilities/review_v1/compliance_catalog.stdout.json,1273,NORMAL,YES,NO,CANDIDATE_ONLY_ALL_STAGING_BLOCKED
07_Business/02_Capabilities/review_v1/compliance_counts.exit_code.txt,1,NORMAL,YES,NO,CANDIDATE_ONLY_ALL_STAGING_BLOCKED
07_Business/02_Capabilities/review_v1/compliance_counts.sql,924,NORMAL,YES,NO,CANDIDATE_ONLY_ALL_STAGING_BLOCKED
07_Business/02_Capabilities/review_v1/compliance_counts.stderr.txt,0,NORMAL,YES,NO,CANDIDATE_ONLY_ALL_STAGING_BLOCKED
07_Business/02_Capabilities/review_v1/compliance_counts.stdout.json,418,NORMAL,YES,NO,CANDIDATE_ONLY_ALL_STAGING_BLOCKED
07_Business/02_Capabilities/review_v1/final_summary.json,2967,NORMAL,YES,NO,CANDIDATE_ONLY_ALL_STAGING_BLOCKED
07_Business/02_Capabilities/review_v1/final_verification.json,1469,NORMAL,YES,NO,CANDIDATE_ONLY_ALL_STAGING_BLOCKED
07_Business/02_Capabilities/review_v1/git_diff_business.exit_code.txt,1,NORMAL,YES,NO,CANDIDATE_ONLY_ALL_STAGING_BLOCKED
07_Business/02_Capabilities/review_v1/git_diff_business.txt,0,NORMAL,YES,NO,CANDIDATE_ONLY_ALL_STAGING_BLOCKED
07_Business/02_Capabilities/review_v1/git_diff_check.exit_code.txt,1,NORMAL,YES,NO,CANDIDATE_ONLY_ALL_STAGING_BLOCKED
07_Business/02_Capabilities/review_v1/git_diff_check.txt,0,NORMAL,YES,NO,CANDIDATE_ONLY_ALL_STAGING_BLOCKED
07_Business/02_Capabilities/review_v1/git_diff_stat.exit_code.txt,1,NORMAL,YES,NO,CANDIDATE_ONLY_ALL_STAGING_BLOCKED
07_Business/02_Capabilities/review_v1/git_diff_stat.txt,0,NORMAL,YES,NO,CANDIDATE_ONLY_ALL_STAGING_BLOCKED
07_Business/02_Capabilities/review_v1/git_status.exit_code.txt,1,NORMAL,YES,NO,CANDIDATE_ONLY_ALL_STAGING_BLOCKED
07_Business/02_Capabilities/review_v1/git_status.txt,144,NORMAL,YES,NO,CANDIDATE_ONLY_ALL_STAGING_BLOCKED
07_Business/02_Capabilities/review_v1/raw_columns.exit_code.txt,1,NORMAL,YES,NO,CANDIDATE_ONLY_ALL_STAGING_BLOCKED
07_Business/02_Capabilities/review_v1/raw_columns.sql,110,NORMAL,YES,NO,CANDIDATE_ONLY_ALL_STAGING_BLOCKED
07_Business/02_Capabilities/review_v1/raw_columns.stderr.txt,0,NORMAL,YES,NO,CANDIDATE_ONLY_ALL_STAGING_BLOCKED
07_Business/02_Capabilities/review_v1/raw_columns.stdout.json,2838,NORMAL,YES,NO,CANDIDATE_ONLY_ALL_STAGING_BLOCKED
07_Business/02_Capabilities/review_v1/review.py,8626,NORMAL,YES,NO,CANDIDATE_ONLY_ALL_STAGING_BLOCKED
07_Business/02_Capabilities/review_v1/sentinel.exit_code.txt,1,NORMAL,YES,NO,CANDIDATE_ONLY_ALL_STAGING_BLOCKED
07_Business/02_Capabilities/review_v1/sentinel.sql,10013,NORMAL,YES,NO,CANDIDATE_ONLY_ALL_STAGING_BLOCKED
07_Business/02_Capabilities/review_v1/sentinel.stderr.txt,0,NORMAL,YES,NO,CANDIDATE_ONLY_ALL_STAGING_BLOCKED
07_Business/02_Capabilities/review_v1/sentinel.stdout.json,5255,NORMAL,YES,NO,CANDIDATE_ONLY_ALL_STAGING_BLOCKED
07_Business/02_Capabilities/review_v1/summary.json,2437,NORMAL,YES,NO,CANDIDATE_ONLY_ALL_STAGING_BLOCKED
07_Business/02_Capabilities/review_v1/technical_after.json,162280,NORMAL,YES,NO,CANDIDATE_ONLY_ALL_STAGING_BLOCKED
07_Business/02_Capabilities/review_v1/technical_before.json,162280,NORMAL,YES,NO,CANDIDATE_ONLY_ALL_STAGING_BLOCKED
07_Business/03_Market/BUSINESS_PHASE_3_VALIDATION_GATE.md,24522,NORMAL,YES,NO,CANDIDATE_ONLY_ALL_STAGING_BLOCKED
07_Business/03_Market/COMMERCIAL_VALIDATION_EVIDENCE_MODEL.md,3848,NORMAL,YES,NO,CANDIDATE_ONLY_ALL_STAGING_BLOCKED
07_Business/03_Market/COMMERCIAL_VALIDATION_READINESS.csv,4949,NORMAL,YES,NO,CANDIDATE_ONLY_ALL_STAGING_BLOCKED
07_Business/03_Market/COMPETITOR_LANDSCAPE.md,7654,NORMAL,YES,NO,CANDIDATE_ONLY_ALL_STAGING_BLOCKED
07_Business/03_Market/CUSTOMER_DISCOVERY_INTERVIEW_GUIDE.md,3291,NORMAL,YES,NO,CANDIDATE_ONLY_ALL_STAGING_BLOCKED
07_Business/03_Market/CUSTOMER_SEGMENTS.md,4124,NORMAL,YES,NO,CANDIDATE_ONLY_ALL_STAGING_BLOCKED
07_Business/03_Market/MARKET_EVIDENCE_REGISTER.md,29264,NORMAL,YES,NO,CANDIDATE_ONLY_ALL_STAGING_BLOCKED
07_Business/03_Market/MARKET_GAPS.md,7752,NORMAL,YES,NO,CANDIDATE_ONLY_ALL_STAGING_BLOCKED
07_Business/03_Market/MARKET_PROBLEM_REGISTER.csv,7291,NORMAL,YES,NO,CANDIDATE_ONLY_ALL_STAGING_BLOCKED
07_Business/03_Market/MARKET_VALIDATION_PLAN.md,6897,NORMAL,YES,NO,CANDIDATE_ONLY_ALL_STAGING_BLOCKED
07_Business/03_Market/PROBLEM_REGISTER.md,4545,NORMAL,YES,NO,CANDIDATE_ONLY_ALL_STAGING_BLOCKED
07_Business/03_Market/PROCUREMENT_EVIDENCE.md,13774,NORMAL,YES,NO,CANDIDATE_ONLY_ALL_STAGING_BLOCKED
07_Business/03_Market/REGULATORY_DEMAND.md,7841,NORMAL,YES,NO,CANDIDATE_ONLY_ALL_STAGING_BLOCKED
07_Business/03_Market/RESOURCE_USAGE_POLICY.md,1845,NORMAL,YES,NO,CANDIDATE_ONLY_ALL_STAGING_BLOCKED
07_Business/03_Market/STAGE_1_CRITERIA_REEVALUATION.md,14192,NORMAL,YES,NO,CANDIDATE_ONLY_ALL_STAGING_BLOCKED
07_Business/03_Market/STAGE_1_EVIDENCE_GAP_PLAN.md,1418,NORMAL,YES,NO,CANDIDATE_ONLY_ALL_STAGING_BLOCKED
07_Business/03_Market/STAGE_1_EVIDENCE_REUSE.md,32443,NORMAL,YES,NO,CANDIDATE_ONLY_ALL_STAGING_BLOCKED
07_Business/03_Market/STAGE_1_GATE_REVIEW.md,14337,NORMAL,YES,NO,CANDIDATE_ONLY_ALL_STAGING_BLOCKED
07_Business/03_Market/evidence/FINAL_SOURCE_CHECK.md,661,NORMAL,YES,NO,CANDIDATE_ONLY_ALL_STAGING_BLOCKED
07_Business/03_Market/evidence/SEARCH_LOG.md,5853,NORMAL,YES,NO,CANDIDATE_ONLY_ALL_STAGING_BLOCKED
07_Business/03_Market/evidence/accepted_evidence.json,6024,NORMAL,YES,NO,CANDIDATE_ONLY_ALL_STAGING_BLOCKED
07_Business/03_Market/evidence/attg_notice.html,79742,NORMAL,YES,NO,CANDIDATE_ONLY_ALL_STAGING_BLOCKED
07_Business/03_Market/evidence/attg_notice.txt,16091,NORMAL,YES,NO,CANDIDATE_ONLY_ALL_STAGING_BLOCKED
07_Business/03_Market/evidence/attg_ppt.pdf,483414,NORMAL,YES,NO,CANDIDATE_ONLY_ALL_STAGING_BLOCKED
07_Business/03_Market/evidence/attg_ppt.txt,14939,NORMAL,YES,NO,CANDIDATE_ONLY_ALL_STAGING_BLOCKED
07_Business/03_Market/evidence/boe_original.html,663732,NORMAL,YES,NO,CANDIDATE_ONLY_ALL_STAGING_BLOCKED
07_Business/03_Market/evidence/boe_original.txt,548834,NORMAL,YES,NO,CANDIDATE_ONLY_ALL_STAGING_BLOCKED
07_Business/03_Market/evidence/build_register.py,15069,NORMAL,YES,NO,CANDIDATE_ONLY_ALL_STAGING_BLOCKED
07_Business/03_Market/evidence/collect_sources.py,4447,NORMAL,YES,NO,CANDIDATE_ONLY_ALL_STAGING_BLOCKED
07_Business/03_Market/evidence/ctm_document.pdf,466896,NORMAL,YES,NO,CANDIDATE_ONLY_ALL_STAGING_BLOCKED
07_Business/03_Market/evidence/ctm_document.txt,196057,NORMAL,YES,NO,CANDIDATE_ONLY_ALL_STAGING_BLOCKED
07_Business/03_Market/evidence/enroute_chouette.html,55054,NORMAL,YES,NO,CANDIDATE_ONLY_ALL_STAGING_BLOCKED
07_Business/03_Market/evidence/enroute_chouette.txt,12948,NORMAL,YES,NO,CANDIDATE_ONLY_ALL_STAGING_BLOCKED
07_Business/03_Market/evidence/enroute_operator.html,118157,NORMAL,YES,NO,CANDIDATE_ONLY_ALL_STAGING_BLOCKED
07_Business/03_Market/evidence/enroute_operator.txt,25267,NORMAL,YES,NO,CANDIDATE_ONLY_ALL_STAGING_BLOCKED
07_Business/03_Market/evidence/entur_siri.html,1676744,NORMAL,YES,NO,BLOCKED_SECRET
07_Business/03_Market/evidence/entur_siri.txt,6387,NORMAL,YES,NO,CANDIDATE_ONLY_ALL_STAGING_BLOCKED
07_Business/03_Market/evidence/eu_1926_html.html,0,NORMAL,YES,NO,CANDIDATE_ONLY_ALL_STAGING_BLOCKED
07_Business/03_Market/evidence/eu_1926_html.txt,0,NORMAL,YES,NO,CANDIDATE_ONLY_ALL_STAGING_BLOCKED
07_Business/03_Market/evidence/eu_490_alt.html,0,NORMAL,YES,NO,CANDIDATE_ONLY_ALL_STAGING_BLOCKED
07_Business/03_Market/evidence/eu_490_alt.txt,0,NORMAL,YES,NO,CANDIDATE_ONLY_ALL_STAGING_BLOCKED
07_Business/03_Market/evidence/exit_code.txt,3,NORMAL,YES,NO,CANDIDATE_ONLY_ALL_STAGING_BLOCKED
07_Business/03_Market/evidence/france_news.html,32380,NORMAL,YES,NO,CANDIDATE_ONLY_ALL_STAGING_BLOCKED
07_Business/03_Market/evidence/france_news.txt,14050,NORMAL,YES,NO,CANDIDATE_ONLY_ALL_STAGING_BLOCKED
07_Business/03_Market/evidence/france_sncf.html,178174,NORMAL,YES,NO,CANDIDATE_ONLY_ALL_STAGING_BLOCKED
07_Business/03_Market/evidence/france_sncf.txt,20707,NORMAL,YES,NO,CANDIDATE_ONLY_ALL_STAGING_BLOCKED
07_Business/03_Market/evidence/france_stats.html,32526,NORMAL,YES,NO,CANDIDATE_ONLY_ALL_STAGING_BLOCKED
07_Business/03_Market/evidence/france_stats.txt,11954,NORMAL,YES,NO,CANDIDATE_ONLY_ALL_STAGING_BLOCKED
07_Business/03_Market/evidence/git_diff_after.txt,0,NORMAL,YES,NO,CANDIDATE_ONLY_ALL_STAGING_BLOCKED
07_Business/03_Market/evidence/git_status_after.txt,144,NORMAL,YES,NO,CANDIDATE_ONLY_ALL_STAGING_BLOCKED
07_Business/03_Market/evidence/ley9_consolidated.html,643552,NORMAL,YES,NO,CANDIDATE_ONLY_ALL_STAGING_BLOCKED
07_Business/03_Market/evidence/ley9_consolidated.txt,527694,NORMAL,YES,NO,CANDIDATE_ONLY_ALL_STAGING_BLOCKED
07_Business/03_Market/evidence/mobilitydata_readme.md,15192,NORMAL,YES,NO,CANDIDATE_ONLY_ALL_STAGING_BLOCKED
07_Business/03_Market/evidence/mobilitydata_readme.txt,15400,NORMAL,YES,NO,CANDIDATE_ONLY_ALL_STAGING_BLOCKED
07_Business/03_Market/evidence/mobilitydata_rules.html,920584,NORMAL,YES,NO,CANDIDATE_ONLY_ALL_STAGING_BLOCKED
07_Business/03_Market/evidence/mobilitydata_rules.txt,268966,NORMAL,YES,NO,CANDIDATE_ONLY_ALL_STAGING_BLOCKED
07_Business/03_Market/evidence/mobilitydata_web.html,1891,NORMAL,YES,NO,CANDIDATE_ONLY_ALL_STAGING_BLOCKED
07_Business/03_Market/evidence/mobilitydata_web.txt,102,NORMAL,YES,NO,CANDIDATE_ONLY_ALL_STAGING_BLOCKED
07_Business/03_Market/evidence/moveuskadi.html,12562,NORMAL,YES,NO,CANDIDATE_ONLY_ALL_STAGING_BLOCKED
07_Business/03_Market/evidence/moveuskadi.txt,3278,NORMAL,YES,NO,CANDIDATE_ONLY_ALL_STAGING_BLOCKED
07_Business/03_Market/evidence/netex_france.html,369178,NORMAL,YES,NO,CANDIDATE_ONLY_ALL_STAGING_BLOCKED
07_Business/03_Market/evidence/netex_france.txt,131495,NORMAL,YES,NO,CANDIDATE_ONLY_ALL_STAGING_BLOCKED
07_Business/03_Market/evidence/nommon.html,104893,NORMAL,YES,NO,CANDIDATE_ONLY_ALL_STAGING_BLOCKED
07_Business/03_Market/evidence/nommon.txt,14219,NORMAL,YES,NO,CANDIDATE_ONLY_ALL_STAGING_BLOCKED
07_Business/03_Market/evidence/northamerica_511.html,65961,NORMAL,YES,NO,CANDIDATE_ONLY_ALL_STAGING_BLOCKED
07_Business/03_Market/evidence/northamerica_511.txt,17583,NORMAL,YES,NO,CANDIDATE_ONLY_ALL_STAGING_BLOCKED
07_Business/03_Market/evidence/otp_formats.html,48188,NORMAL,YES,NO,CANDIDATE_ONLY_ALL_STAGING_BLOCKED
07_Business/03_Market/evidence/otp_formats.txt,17155,NORMAL,YES,NO,CANDIDATE_ONLY_ALL_STAGING_BLOCKED
07_Business/03_Market/evidence/placsp_43_22.pdf,966152,NORMAL,YES,NO,CANDIDATE_ONLY_ALL_STAGING_BLOCKED
07_Business/03_Market/evidence/placsp_43_22.txt,174907,NORMAL,YES,NO,CANDIDATE_ONLY_ALL_STAGING_BLOCKED
07_Business/03_Market/evidence/puglia_purchase.pdf,296665,NORMAL,YES,NO,CANDIDATE_ONLY_ALL_STAGING_BLOCKED
07_Business/03_Market/evidence/puglia_purchase.txt,18561,NORMAL,YES,NO,CANDIDATE_ONLY_ALL_STAGING_BLOCKED
07_Business/03_Market/evidence/rt_validator.md,11537,NORMAL,YES,NO,CANDIDATE_ONLY_ALL_STAGING_BLOCKED
07_Business/03_Market/evidence/rt_validator.txt,11680,NORMAL,YES,NO,CANDIDATE_ONLY_ALL_STAGING_BLOCKED
07_Business/03_Market/evidence/scope_before.json,70195962,EXCLUDED_GENERATED,NO,NO,EXCLUDED_FROM_GIT_PRESERVE_LOCALLY
07_Business/03_Market/evidence/siri_france.html,867995,NORMAL,YES,NO,CANDIDATE_ONLY_ALL_STAGING_BLOCKED
07_Business/03_Market/evidence/siri_france.txt,307065,NORMAL,YES,NO,CANDIDATE_ONLY_ALL_STAGING_BLOCKED
07_Business/03_Market/evidence/source_manifest.json,9615,NORMAL,YES,NO,CANDIDATE_ONLY_ALL_STAGING_BLOCKED
07_Business/03_Market/evidence/source_manifest_extra.json,3773,NORMAL,YES,NO,CANDIDATE_ONLY_ALL_STAGING_BLOCKED
07_Business/03_Market/evidence/source_manifest_last.json,1755,NORMAL,YES,NO,CANDIDATE_ONLY_ALL_STAGING_BLOCKED
07_Business/03_Market/evidence/source_manifest_ted.json,1135,NORMAL,YES,NO,CANDIDATE_ONLY_ALL_STAGING_BLOCKED
07_Business/03_Market/evidence/ted_gtfs_recent.json,189073,NORMAL,YES,NO,CANDIDATE_ONLY_ALL_STAGING_BLOCKED
07_Business/03_Market/evidence/ted_gtfs_search.json,64130,NORMAL,YES,NO,CANDIDATE_ONLY_ALL_STAGING_BLOCKED
07_Business/03_Market/evidence/ted_nantes_award.html,37397,NORMAL,YES,NO,CANDIDATE_ONLY_ALL_STAGING_BLOCKED
07_Business/03_Market/evidence/ted_nantes_award.txt,10476,NORMAL,YES,NO,CANDIDATE_ONLY_ALL_STAGING_BLOCKED
07_Business/03_Market/evidence/ted_nantes_tender.html,49576,NORMAL,YES,NO,CANDIDATE_ONLY_ALL_STAGING_BLOCKED
07_Business/03_Market/evidence/ted_nantes_tender.txt,17867,NORMAL,YES,NO,CANDIDATE_ONLY_ALL_STAGING_BLOCKED
07_Business/03_Market/evidence/ted_netex_search.json,65301,NORMAL,YES,NO,CANDIDATE_ONLY_ALL_STAGING_BLOCKED
07_Business/03_Market/evidence/ted_rome_award.html,30361,NORMAL,YES,NO,CANDIDATE_ONLY_ALL_STAGING_BLOCKED
07_Business/03_Market/evidence/ted_rome_award.txt,5362,NORMAL,YES,NO,CANDIDATE_ONLY_ALL_STAGING_BLOCKED
07_Business/03_Market/evidence/ted_siri_search.json,58730,NORMAL,YES,NO,CANDIDATE_ONLY_ALL_STAGING_BLOCKED
07_Business/03_Market/evidence/tuvisa_contract.pdf,184966,NORMAL,YES,NO,CANDIDATE_ONLY_ALL_STAGING_BLOCKED
07_Business/03_Market/evidence/tuvisa_contract.txt,15662,NORMAL,YES,NO,CANDIDATE_ONLY_ALL_STAGING_BLOCKED
07_Business/03_Market/evidence/tuvisa_memoria.pdf,388622,NORMAL,YES,NO,CANDIDATE_ONLY_ALL_STAGING_BLOCKED
07_Business/03_Market/evidence/tuvisa_memoria.txt,23297,NORMAL,YES,NO,CANDIDATE_ONLY_ALL_STAGING_BLOCKED
07_Business/03_Market/evidence/tuvisa_notice.html,63928,NORMAL,YES,NO,CANDIDATE_ONLY_ALL_STAGING_BLOCKED
07_Business/03_Market/evidence/tuvisa_notice.txt,11914,NORMAL,YES,NO,CANDIDATE_ONLY_ALL_STAGING_BLOCKED
07_Business/03_Market/evidence/tuvisa_pcap.pdf,940514,NORMAL,YES,NO,CANDIDATE_ONLY_ALL_STAGING_BLOCKED
07_Business/03_Market/evidence/tuvisa_pcap.txt,112314,NORMAL,YES,NO,CANDIDATE_ONLY_ALL_STAGING_BLOCKED
07_Business/03_Market/evidence/tuvisa_ppt.pdf,578091,NORMAL,YES,NO,CANDIDATE_ONLY_ALL_STAGING_BLOCKED
07_Business/03_Market/evidence/tuvisa_ppt.txt,14226,NORMAL,YES,NO,CANDIDATE_ONLY_ALL_STAGING_BLOCKED
07_Business/03_Market/evidence/tuvisa_ppt_page9.png,183665,NORMAL,YES,NO,CANDIDATE_ONLY_ALL_STAGING_BLOCKED
07_Business/03_Market/evidence/tuvisa_propuesta.pdf,354596,NORMAL,YES,NO,CANDIDATE_ONLY_ALL_STAGING_BLOCKED
07_Business/03_Market/evidence/tuvisa_propuesta.txt,3411,NORMAL,YES,NO,CANDIDATE_ONLY_ALL_STAGING_BLOCKED
07_Business/03_Market/evidence/tuvisa_sources.json,1196,NORMAL,YES,NO,CANDIDATE_ONLY_ALL_STAGING_BLOCKED
07_Business/03_Market/evidence/uk_guidance.html,85345,NORMAL,YES,NO,CANDIDATE_ONLY_ALL_STAGING_BLOCKED
07_Business/03_Market/evidence/uk_guidance.txt,13523,NORMAL,YES,NO,CANDIDATE_ONLY_ALL_STAGING_BLOCKED
07_Business/03_Market/evidence/uk_regulation.html,31785,NORMAL,YES,NO,CANDIDATE_ONLY_ALL_STAGING_BLOCKED
07_Business/03_Market/evidence/uk_regulation.txt,8412,NORMAL,YES,NO,CANDIDATE_ONLY_ALL_STAGING_BLOCKED
07_Business/03_Market/evidence/verification.json,5378,NORMAL,YES,NO,CANDIDATE_ONLY_ALL_STAGING_BLOCKED
07_Business/03_Market/evidence/verification_stdout.txt,59,NORMAL,YES,NO,CANDIDATE_ONLY_ALL_STAGING_BLOCKED
07_Business/03_Market/evidence/verify_market.py,5685,NORMAL,YES,NO,CANDIDATE_ONLY_ALL_STAGING_BLOCKED
07_Business/03_Market/readiness_review/exit_code.txt,3,NORMAL,YES,NO,CANDIDATE_ONLY_ALL_STAGING_BLOCKED
07_Business/03_Market/readiness_review/modified_file_hashes.csv,1751,NORMAL,YES,NO,CANDIDATE_ONLY_ALL_STAGING_BLOCKED
07_Business/03_Market/readiness_review/verification.json,5851,NORMAL,YES,NO,CANDIDATE_ONLY_ALL_STAGING_BLOCKED
07_Business/03_Market/readiness_review/verification_stdout.txt,41,NORMAL,YES,NO,CANDIDATE_ONLY_ALL_STAGING_BLOCKED
07_Business/03_Market/readiness_review/verify_readiness.py,11303,NORMAL,YES,NO,CANDIDATE_ONLY_ALL_STAGING_BLOCKED
07_Business/03_Market/stage_1_amendment/exit_code.txt,3,NORMAL,YES,NO,CANDIDATE_ONLY_ALL_STAGING_BLOCKED
07_Business/03_Market/stage_1_amendment/verification.json,4490,NORMAL,YES,NO,CANDIDATE_ONLY_ALL_STAGING_BLOCKED
07_Business/03_Market/stage_1_amendment/verify_amendment.py,5582,NORMAL,YES,NO,CANDIDATE_ONLY_ALL_STAGING_BLOCKED
07_Business/03_Market/stage_1_review/exit_code.txt,3,NORMAL,YES,NO,CANDIDATE_ONLY_ALL_STAGING_BLOCKED
07_Business/03_Market/stage_1_review/verification.json,3298,NORMAL,YES,NO,CANDIDATE_ONLY_ALL_STAGING_BLOCKED
07_Business/03_Market/stage_1_review/verify_package.py,4979,NORMAL,YES,NO,CANDIDATE_ONLY_ALL_STAGING_BLOCKED
07_Business/AGENTS.md,3780,NORMAL,YES,NO,CANDIDATE_ONLY_ALL_STAGING_BLOCKED
07_Business/BUSINESS_STATUS.md,8016,NORMAL,YES,NO,CANDIDATE_ONLY_ALL_STAGING_BLOCKED
07_Business/README.md,2110,NORMAL,YES,NO,CANDIDATE_ONLY_ALL_STAGING_BLOCKED
PROJECT_CURRENT_STATE.md,12089,NORMAL,YES,NO,CANDIDATE_ONLY_ALL_STAGING_BLOCKED
project_baseline.json,8360,NORMAL,YES,NO,CANDIDATE_ONLY_ALL_STAGING_BLOCKED
reports/repository_integrity/COMPLIANCE_INTEGRITY_REPORT.md,2255,NORMAL,YES,NO,CANDIDATE_ONLY_ALL_STAGING_BLOCKED
reports/repository_integrity/GTFS_INTEGRITY_REPORT.md,2716,NORMAL,YES,NO,CANDIDATE_ONLY_ALL_STAGING_BLOCKED
reports/repository_integrity/PATH_MIGRATION_FINDINGS.csv,6589,NORMAL,YES,NO,CANDIDATE_ONLY_ALL_STAGING_BLOCKED
reports/repository_integrity/PHASE_1_5_STABILIZATION_REPORT.md,5199,NORMAL,YES,NO,CANDIDATE_ONLY_ALL_STAGING_BLOCKED
reports/repository_integrity/REPOSITORY_INTEGRITY_REPORT.md,6302,NORMAL,YES,NO,CANDIDATE_ONLY_ALL_STAGING_BLOCKED
reports/repository_integrity/phase_1_5/compliance_2017_1926_master.txt,5052,NORMAL,YES,NO,CANDIDATE_ONLY_ALL_STAGING_BLOCKED
reports/repository_integrity/phase_1_5/compliance_phase1_master.txt,17688,NORMAL,YES,NO,CANDIDATE_ONLY_ALL_STAGING_BLOCKED
reports/repository_integrity/phase_1_5/gtfs_integrity.txt,10959,NORMAL,YES,NO,CANDIDATE_ONLY_ALL_STAGING_BLOCKED
reports/repository_integrity/phase_1_5/legal_source_hashes.csv,1761,NORMAL,YES,NO,CANDIDATE_ONLY_ALL_STAGING_BLOCKED
03_Compliance/databases/transit_compliance.duckdb,11022336,EXCLUDED_GENERATED,NO,NO,PRUNED_NO_CONTENT_READ
06_Products/GTFS Explorer/GTFS Explorer Artifacts,,NESTED_REPOSITORY,NO,NO,PRUNED_NO_CONTENT_READ
06_Products/GTFS Explorer/GTFS Explorer Backups,,EXCLUDED_GENERATED,NO,NO,PRUNED_NO_CONTENT_READ
06_Products/GTFS Explorer/GTFS Explorer Desktop,,NESTED_REPOSITORY,NO,NO,PRUNED_NO_CONTENT_READ
06_Products/GTFS Explorer/GTFS Explorer Engineering,,NESTED_REPOSITORY,NO,NO,PRUNED_NO_CONTENT_READ
02_Data_Engineering/GTFS_Lab/databases/gtfs_lab.duckdb,19673088,EXCLUDED_GENERATED,NO,NO,PRUNED_NO_CONTENT_READ
02_Data_Engineering/GTFS_Lab/feeds/extracted,,EXCLUDED_GENERATED,NO,NO,PRUNED_NO_CONTENT_READ
02_Data_Engineering/GTFS_Lab/feeds/raw,,EXCLUDED_GENERATED,NO,NO,PRUNED_NO_CONTENT_READ
07_Business/03_Market/evidence/__pycache__,,EXCLUDED_GENERATED,NO,NO,PRUNED_NO_CONTENT_READ
03_Compliance/reports/phase_2/materialization/PRE_WRITE_DATABASE_BACKUP.duckdb,11022336,EXCLUDED_GENERATED,NO,NO,PRUNED_NO_CONTENT_READ
03_Compliance/reports/phase_2/materialization/__pycache__,,EXCLUDED_GENERATED,NO,NO,PRUNED_NO_CONTENT_READ
02_Data_Engineering/GTFS_Lab/20_clientes_reales/FAMILY_A_SMALL_BASIC/002_ancebus/03_gtfs_explorer/run_001/data.duckdb,20721664,EXCLUDED_GENERATED,NO,NO,PRUNED_NO_CONTENT_READ
02_Data_Engineering/GTFS_Lab/20_clientes_reales/FAMILY_A_SMALL_BASIC/002_ancebus/03_gtfs_explorer/run_001/temp,,EXCLUDED_GENERATED,NO,NO,PRUNED_NO_CONTENT_READ
02_Data_Engineering/GTFS_Lab/20_clientes_reales/FAMILY_A_SMALL_BASIC/005_viagon/03_gtfs_explorer/run_001/data.duckdb,20721664,EXCLUDED_GENERATED,NO,NO,PRUNED_NO_CONTENT_READ
02_Data_Engineering/GTFS_Lab/20_clientes_reales/FAMILY_A_SMALL_BASIC/005_viagon/03_gtfs_explorer/run_001/temp,,EXCLUDED_GENERATED,NO,NO,PRUNED_NO_CONTENT_READ
02_Data_Engineering/GTFS_Lab/20_clientes_reales/FAMILY_C_COMPLEX_REGIONAL/014_gilsanz/03_gtfs_explorer/run_001/data.duckdb,24915968,EXCLUDED_GENERATED,NO,NO,PRUNED_NO_CONTENT_READ
02_Data_Engineering/GTFS_Lab/20_clientes_reales/FAMILY_C_COMPLEX_REGIONAL/014_gilsanz/03_gtfs_explorer/run_001/temp,,EXCLUDED_GENERATED,NO,NO,PRUNED_NO_CONTENT_READ
02_Data_Engineering/GTFS_Lab/20_clientes_reales/FAMILY_D_MATURE_BENCHMARK/019_bizkaibus/03_gtfs_explorer/Bizkaibus_RC002_Canonical/data.duckdb,223358976,EXCLUDED_GENERATED,NO,NO,PRUNED_NO_CONTENT_READ
02_Data_Engineering/GTFS_Lab/20_clientes_reales/FAMILY_D_MATURE_BENCHMARK/019_bizkaibus/03_gtfs_explorer/Bizkaibus_RC002_Canonical/temp,,EXCLUDED_GENERATED,NO,NO,PRUNED_NO_CONTENT_READ
02_Data_Engineering/GTFS_Lab/20_clientes_reales/FAMILY_D_MATURE_BENCHMARK/019_bizkaibus/03_gtfs_explorer/run_001/data.duckdb,208678912,EXCLUDED_GENERATED,NO,NO,PRUNED_NO_CONTENT_READ
02_Data_Engineering/GTFS_Lab/20_clientes_reales/FAMILY_D_MATURE_BENCHMARK/019_bizkaibus/03_gtfs_explorer/run_001/temp,,EXCLUDED_GENERATED,NO,NO,PRUNED_NO_CONTENT_READ
02_Data_Engineering/GTFS_Lab/20_clientes_reales/FAMILY_D_MATURE_BENCHMARK/019_bizkaibus/03_gtfs_explorer/run_002_rc002/data.duckdb,212611072,EXCLUDED_GENERATED,NO,NO,PRUNED_NO_CONTENT_READ
02_Data_Engineering/GTFS_Lab/20_clientes_reales/FAMILY_D_MATURE_BENCHMARK/019_bizkaibus/03_gtfs_explorer/run_002_rc002/temp,,EXCLUDED_GENERATED,NO,NO,PRUNED_NO_CONTENT_READ
02_Data_Engineering/GTFS_Lab/20_clientes_reales/FAMILY_D_MATURE_BENCHMARK/019_bizkaibus/03_gtfs_explorer/run_004_gtfs023_candidate001/data.duckdb,182464512,EXCLUDED_GENERATED,NO,NO,PRUNED_NO_CONTENT_READ
02_Data_Engineering/GTFS_Lab/20_clientes_reales/FAMILY_D_MATURE_BENCHMARK/019_bizkaibus/03_gtfs_explorer/run_004_gtfs023_candidate001/temp,,EXCLUDED_GENERATED,NO,NO,PRUNED_NO_CONTENT_READ
02_Data_Engineering/GTFS_Lab/20_clientes_reales/FAMILY_D_MATURE_BENCHMARK/020_kbus/03_gtfs_explorer/run_001/data.duckdb,23343104,EXCLUDED_GENERATED,NO,NO,PRUNED_NO_CONTENT_READ
02_Data_Engineering/GTFS_Lab/20_clientes_reales/FAMILY_D_MATURE_BENCHMARK/020_kbus/03_gtfs_explorer/run_001/temp,,EXCLUDED_GENERATED,NO,NO,PRUNED_NO_CONTENT_READ
06_Products/GTFS Explorer/GTFS Explorer Backups/restore_test_v0.2.2_20260924T161533Z_02,,NESTED_REPOSITORY,NO,NO,MARKER_AND_REFS_ONLY
REPOSITORY_POLICY.md,,NORMAL,YES,NO,CREATED_BY_CONSOLIDATION; self-output sizes intentionally omitted
PROJECT_STRUCTURE.md,,NORMAL,YES,NO,CREATED_BY_CONSOLIDATION; self-output sizes intentionally omitted
BACKUP_AND_RECOVERY.md,,NORMAL,YES,NO,CREATED_BY_CONSOLIDATION; self-output sizes intentionally omitted
PROJECT_SNAPSHOT_V0.1.md,,NORMAL,YES,NO,CREATED_BY_CONSOLIDATION; self-output sizes intentionally omitted
reports/repository_integrity/FIRST_FORMAL_COMMIT_AUDIT.md,,NORMAL,YES,NO,CREATED_BY_CONSOLIDATION; self-output sizes intentionally omitted
reports/repository_integrity/FIRST_FORMAL_COMMIT_MANIFEST.csv,,NORMAL,YES,NO,CREATED_BY_CONSOLIDATION; self-output sizes intentionally omitted
reports/repository_integrity/FIRST_FORMAL_COMMIT_FINDINGS.csv,,NORMAL,YES,NO,CREATED_BY_CONSOLIDATION; self-output sizes intentionally omitted
reports/repository_integrity/FIRST_FORMAL_COMMIT_VERIFICATION.json,,NORMAL,YES,NO,CREATED_BY_CONSOLIDATION; self-output sizes intentionally omitted
